Week,abdominal pain: (Singapore),aedes: (Singapore),Aedes aegypti: (Singapore),Aedes mosquito: (Singapore),bleeding: (Singapore),blood transfusion: (Singapore),citronella: (Singapore),DEET: (Singapore),dengue: (Singapore),Dengue cluster: (Singapore),dengue fever: (Singapore),dengue hotspots: (Singapore),dengue vaccine: (Singapore),Dengvaxia: (Singapore),dhf: (Singapore),essential oils: (Singapore),eucalyptus: (Singapore),Fever: (Singapore),fogging: (Singapore),haemorrhagic: (Singapore),headache: (Singapore),insecticide: (Singapore),IR3535: (Singapore),joint pain: (Singapore),mopiko: (Singapore),mosquito: (Singapore),mosquito bite: (Singapore),mosquito net: (Singapore),mosquito repellent: (Singapore),nausea: (Singapore),picaridin: (Singapore),Rashes: (Singapore),repellent: (Singapore),stagnant water: (Singapore),vomit: (Singapore),wolbachia: (Singapore)
2018-04-08,34,0,0,0,63,0,0,0,9,0,20,0,28,22,26,70,17,35,28,0,65,41,0,51,39,40,43,38,47,43,0,60,38,31,31,0
2018-04-15,66,59,0,0,54,36,0,24,5,0,0,0,0,0,0,66,17,36,0,38,65,41,20,38,0,32,30,55,0,55,0,63,17,0,59,0
2018-04-22,51,0,0,22,86,0,37,0,8,11,12,0,0,0,0,53,27,35,55,0,56,0,0,36,0,37,39,0,20,49,34,77,42,0,39,0
2018-04-29,34,0,0,0,73,0,33,45,17,17,31,0,22,0,20,83,25,35,0,0,66,0,0,55,0,30,20,41,23,44,0,73,26,0,64,0
2018-05-06,67,0,0,46,77,24,15,0,30,16,42,0,70,40,25,62,34,42,0,0,68,21,28,59,29,48,28,32,21,39,0,57,48,0,36,26
2018-05-13,41,25,0,0,68,0,0,0,13,9,38,0,0,0,42,46,0,34,0,0,69,20,0,51,0,30,46,0,0,44,87,64,18,100,59,0
2018-05-20,62,28,0,34,69,32,37,0,20,15,18,0,0,0,0,51,47,38,0,0,64,25,0,31,0,35,37,17,39,31,0,68,18,18,56,0
2018-05-27,37,30,0,92,73,14,0,42,12,0,23,0,0,0,0,64,47,33,44,45,65,29,0,89,0,36,13,65,27,37,0,43,43,0,77,0
2018-06-03,35,41,0,38,60,0,18,0,12,16,36,0,0,0,60,70,24,35,20,0,60,45,23,30,0,42,60,0,23,39,0,77,29,45,44,0
2018-06-10,51,20,67,0,61,30,23,0,17,15,28,0,0,0,0,49,30,37,0,0,64,70,0,56,36,35,57,0,22,38,0,70,41,0,66,0
2018-06-17,35,17,0,0,49,23,0,0,11,8,20,0,0,0,0,50,0,38,29,0,62,43,0,71,46,29,0,0,13,24,0,75,16,0,58,0
2018-06-24,41,24,0,0,55,0,22,100,12,0,21,0,0,0,0,60,39,36,26,0,75,0,0,69,0,39,43,0,44,50,0,68,34,33,58,33
2018-07-01,53,0,22,0,68,0,0,40,11,6,23,79,0,0,24,39,29,38,16,0,69,0,0,36,0,37,16,0,8,39,0,51,40,0,51,13
2018-07-08,58,0,26,26,50,14,18,0,10,8,17,0,0,29,0,76,47,38,0,0,66,23,0,86,0,31,50,22,0,32,0,76,27,0,50,0
2018-07-15,72,0,0,0,66,44,0,39,10,0,27,0,0,49,0,70,28,39,27,0,80,40,23,38,0,35,17,22,23,35,20,82,52,0,63,70
2018-07-22,35,0,0,0,75,30,0,0,12,14,16,0,0,0,69,61,44,39,0,0,72,27,0,36,0,23,25,19,0,52,0,64,36,0,65,0
2018-07-29,46,70,0,26,47,17,0,0,12,18,22,21,0,0,0,62,44,40,15,0,50,0,0,59,0,41,30,28,26,52,0,65,21,0,52,0
2018-08-05,28,0,0,32,56,49,0,0,11,0,32,0,0,0,0,79,20,37,66,0,62,0,0,50,0,35,31,0,21,52,0,46,26,0,55,0
2018-08-12,47,0,0,0,54,28,0,0,10,14,18,0,0,0,0,63,15,37,25,0,64,33,0,78,0,25,48,0,8,32,0,62,23,0,51,0
2018-08-19,51,0,0,54,60,0,19,0,9,11,6,16,22,0,0,56,22,33,18,0,70,0,0,78,0,31,39,0,40,58,0,49,28,0,74,0
2018-08-26,34,0,0,0,45,22,0,53,10,0,6,0,0,0,0,56,36,33,40,0,55,28,0,48,24,26,0,0,37,30,0,51,31,0,46,0
2018-09-02,50,0,0,0,50,0,35,27,11,0,14,0,0,0,0,63,16,32,0,0,61,0,0,45,0,31,58,34,11,26,0,68,34,18,39,0
2018-09-09,44,37,0,0,59,23,0,33,8,21,28,0,0,0,0,73,20,31,0,0,66,0,0,33,36,25,31,0,9,38,0,71,25,0,44,0
2018-09-16,50,18,27,0,69,20,33,0,10,9,21,0,0,27,0,67,16,32,0,0,68,22,0,37,0,26,43,17,8,45,0,47,26,26,53,0
2018-09-23,41,13,0,33,55,0,26,42,11,9,24,0,0,0,0,46,32,35,0,0,58,0,0,44,0,30,12,23,17,39,20,50,26,35,76,15
2018-09-30,46,13,0,0,57,14,0,27,9,0,18,0,0,20,0,58,26,30,0,51,77,0,0,47,0,34,0,72,15,45,0,49,22,0,49,0
2018-10-07,14,0,37,0,68,26,39,32,9,11,16,26,0,0,0,86,15,38,18,0,68,0,0,62,0,13,18,0,0,53,0,45,27,0,36,0
2018-10-14,46,0,0,0,51,0,37,0,9,0,20,0,0,0,0,48,0,30,13,55,71,0,21,31,0,28,45,0,18,52,0,75,21,0,70,0
2018-10-21,63,0,44,0,64,17,19,0,10,0,12,0,0,38,16,51,23,36,0,0,61,34,19,41,0,25,31,0,0,30,0,55,21,19,42,0
2018-10-28,52,0,0,27,52,14,0,0,9,15,13,0,19,0,0,44,0,33,20,44,66,0,0,43,46,25,0,0,18,34,0,48,22,0,79,0
2018-11-04,95,0,0,0,55,0,40,0,9,8,15,0,29,0,0,76,44,39,0,100,61,0,0,61,0,28,72,16,0,44,0,63,18,0,59,26
2018-11-11,43,22,0,0,51,45,0,43,11,7,15,16,47,0,0,31,9,41,37,0,69,41,0,90,0,41,37,0,23,36,27,75,51,0,67,0
2018-11-18,15,38,0,0,72,18,0,0,11,13,29,0,20,0,0,74,12,43,22,37,64,0,86,65,0,37,33,0,0,67,0,48,40,0,55,0
2018-11-25,38,0,0,36,69,0,28,0,17,8,19,0,0,40,0,74,44,42,40,0,73,0,0,46,36,50,43,30,21,49,0,49,39,0,48,31
2018-12-02,38,0,0,36,50,20,0,26,13,9,34,0,50,26,0,74,40,40,19,0,66,57,0,0,0,41,34,35,12,36,0,56,19,42,65,0
2018-12-09,39,22,0,0,52,0,17,0,13,14,0,0,0,0,0,93,15,37,16,0,56,0,0,30,0,32,0,0,8,49,0,58,50,0,86,0
2018-12-16,53,16,0,100,56,38,66,0,15,9,26,33,0,0,0,52,19,45,0,0,64,30,0,58,34,37,18,0,29,51,0,56,34,20,56,0
2018-12-23,49,0,0,0,60,53,0,59,12,0,26,0,0,0,0,61,40,44,0,0,59,0,0,91,0,21,62,19,13,54,66,48,20,0,76,0
2018-12-30,41,0,0,0,60,26,0,0,13,0,27,16,0,0,0,59,14,43,0,0,70,39,0,54,0,29,0,0,17,44,0,54,27,0,76,0
2019-01-06,85,0,0,0,67,0,0,47,19,18,40,0,57,0,17,48,49,42,0,0,48,33,0,88,0,26,15,43,10,40,25,59,28,0,56,0
2019-01-13,31,21,100,24,51,28,0,50,22,12,40,62,0,0,0,31,20,40,0,0,56,0,0,54,0,41,36,0,10,32,0,57,16,0,55,0
2019-01-20,32,0,0,0,58,20,25,0,23,16,25,0,21,0,0,51,28,36,20,0,59,0,21,59,22,27,19,25,23,30,0,55,26,17,69,0
2019-01-27,72,0,0,60,63,0,0,0,15,25,31,0,32,23,40,56,27,40,34,0,73,0,0,57,49,35,65,19,8,43,27,35,31,29,83,16
2019-02-03,100,0,0,0,71,40,26,39,20,30,49,0,35,48,24,23,23,37,32,0,66,38,22,60,39,27,35,22,16,46,0,54,32,25,52,0
2019-02-10,80,46,0,0,64,17,0,26,28,43,49,0,0,40,0,70,20,38,0,0,61,68,0,0,0,36,38,19,25,43,0,49,16,64,43,0
2019-02-17,37,36,0,50,66,40,0,0,20,12,31,20,0,0,0,40,14,40,0,0,61,37,0,42,0,41,0,31,14,50,0,59,33,0,45,29
2019-02-24,100,23,0,55,53,34,18,24,17,18,24,0,29,0,0,69,38,42,17,31,65,22,0,47,30,34,0,61,31,51,0,55,48,0,51,0
2019-03-03,43,44,23,0,56,0,16,0,18,26,27,17,0,21,27,45,33,39,32,0,64,16,0,15,0,52,71,0,43,27,0,62,50,18,48,0
2019-03-10,75,0,0,0,44,0,24,39,13,22,27,16,0,0,0,39,26,36,33,0,63,38,0,66,28,35,26,20,34,42,0,61,40,25,84,0
2019-03-17,46,25,0,50,53,0,21,25,16,17,38,27,86,0,0,32,16,38,0,0,55,92,0,55,65,27,0,0,13,35,0,32,33,0,43,0
2019-03-24,33,0,0,46,56,86,0,29,14,0,15,0,0,0,32,45,38,31,0,0,60,24,38,60,0,30,0,0,26,49,0,46,30,32,45,0
2019-03-31,74,36,39,0,61,0,25,0,18,27,25,0,0,0,0,74,19,32,14,0,69,0,0,37,0,28,18,0,27,49,0,62,21,0,75,0
2019-04-07,82,0,0,0,57,0,0,0,17,20,18,0,100,0,0,31,19,40,0,0,74,23,0,42,50,39,51,0,19,44,0,74,26,0,49,0
2019-04-14,52,46,47,30,66,0,24,0,18,16,13,0,0,0,0,68,33,30,24,0,56,41,0,48,0,38,42,0,12,45,0,55,28,0,55,0
2019-04-21,38,53,0,50,56,0,21,56,17,0,24,0,0,0,0,63,13,34,31,0,73,52,21,65,0,43,29,76,19,39,0,30,38,0,55,0
2019-04-28,36,0,45,0,56,0,52,23,17,0,33,0,0,0,0,69,27,40,0,0,52,0,0,30,0,36,54,0,28,44,0,50,17,0,58,0
2019-05-05,60,27,22,0,54,0,29,42,19,10,49,28,0,0,0,67,42,47,0,26,64,24,0,64,0,47,38,0,24,40,0,50,41,24,66,0
2019-05-12,55,71,27,56,61,22,14,0,19,25,41,27,0,0,40,62,17,38,16,0,72,56,0,44,44,48,14,16,8,45,36,59,36,45,47,0
2019-05-19,51,16,22,0,56,0,29,42,19,19,42,0,26,0,0,48,24,38,0,31,56,23,0,13,0,35,50,0,8,60,0,50,23,0,58,0
2019-05-26,46,0,0,0,57,0,0,22,34,33,51,31,49,0,0,58,24,49,0,0,67,25,0,36,0,41,54,0,21,38,0,64,31,18,61,0
2019-06-02,12,35,42,49,50,0,0,58,25,17,20,0,0,0,0,51,33,44,0,0,55,34,0,66,0,44,0,0,42,35,0,43,44,0,60,0
2019-06-09,36,53,24,22,77,0,31,0,24,18,37,0,0,0,0,50,38,43,39,0,71,31,0,60,0,55,62,0,19,34,0,59,38,21,58,13
2019-06-16,27,26,79,37,68,0,45,32,42,52,71,0,0,0,0,70,25,49,0,0,58,0,53,25,0,51,65,22,42,34,0,59,60,19,66,16
2019-06-23,42,36,40,0,70,0,0,42,44,67,84,0,0,0,0,30,27,52,0,0,70,0,44,70,0,49,40,72,35,61,23,79,48,0,58,0
2019-06-30,74,13,0,38,68,0,54,0,38,59,71,0,0,0,27,49,17,56,32,0,67,0,35,74,51,38,28,0,32,47,0,72,52,44,70,0
2019-07-07,94,47,0,61,59,27,0,29,41,45,80,0,0,0,0,62,65,51,0,29,62,25,0,76,0,34,33,0,17,33,0,75,23,24,59,0
2019-07-14,64,35,0,71,57,16,41,45,48,74,75,0,0,0,0,64,18,52,0,0,62,39,0,60,35,48,58,0,40,47,0,65,42,0,34,0
2019-07-21,65,59,0,99,54,30,30,0,42,57,85,0,0,0,0,55,0,50,44,65,80,53,0,31,72,51,51,43,29,61,0,38,49,0,48,14
2019-07-28,54,0,0,34,55,15,67,20,55,65,78,0,19,0,0,50,28,49,0,0,66,0,0,28,0,50,54,41,34,49,0,62,53,23,59,0
2019-08-04,47,65,0,64,73,13,39,0,51,54,75,0,25,53,24,36,28,44,28,0,56,35,0,88,39,56,41,100,48,61,0,68,40,0,36,11
2019-08-11,49,37,0,0,66,37,0,29,47,49,100,45,0,0,0,67,23,47,15,0,72,0,0,30,60,38,61,0,19,48,0,56,19,0,56,0
2019-08-18,23,0,0,56,51,0,47,91,41,49,71,15,0,0,0,69,44,51,0,24,81,31,42,48,38,45,15,0,29,57,0,69,33,0,60,17
2019-08-25,53,0,45,0,53,18,52,21,31,58,58,22,0,0,0,70,15,39,0,0,57,0,0,48,36,50,20,22,36,63,25,77,38,0,80,0
2019-09-01,76,17,0,22,78,36,44,30,32,33,38,0,22,0,0,55,9,37,20,0,69,52,0,25,0,34,33,0,22,35,0,66,25,0,64,0
2019-09-08,32,14,0,0,60,23,58,25,32,33,41,0,0,0,0,39,15,37,45,0,75,75,0,21,0,52,28,31,16,41,0,57,34,19,90,0
2019-09-15,37,20,0,18,52,0,35,48,34,46,52,0,23,0,0,60,28,38,18,21,75,18,0,71,0,43,60,48,35,44,0,62,41,0,55,0
2019-09-22,39,38,50,37,59,0,44,85,26,31,36,0,0,0,0,82,8,35,27,0,74,34,0,68,78,45,63,21,21,40,36,74,48,20,65,21
2019-09-29,28,15,0,0,73,26,0,88,21,12,43,0,0,30,17,52,32,38,23,0,62,44,0,33,0,37,38,20,27,40,0,53,32,0,44,10
2019-10-06,52,29,0,24,65,39,0,0,20,34,32,0,0,77,0,70,26,38,20,0,75,0,0,19,34,35,18,0,52,42,0,54,37,0,46,0
2019-10-13,46,0,0,17,63,22,0,0,25,32,44,27,31,0,0,31,35,39,0,0,72,0,0,41,51,46,57,28,12,39,0,52,30,0,65,0
2019-10-20,0,0,75,0,57,0,0,0,22,13,34,0,0,0,0,61,34,37,0,21,66,15,0,0,25,39,51,91,16,39,0,59,37,0,73,0
2019-10-27,54,0,0,24,59,41,0,0,20,13,25,0,0,0,26,26,46,38,0,25,87,0,0,27,0,42,54,0,45,39,0,44,51,19,62,0
2019-11-03,50,11,0,34,55,24,33,45,27,24,39,51,20,0,0,73,32,45,0,0,67,24,0,55,0,47,29,30,12,50,0,71,24,0,73,0
2019-11-10,33,0,25,0,53,26,51,27,32,15,39,0,0,0,68,55,18,45,18,67,68,58,16,65,0,37,42,19,43,52,0,53,39,36,55,25
2019-11-17,12,0,0,63,57,18,0,43,33,32,49,0,0,0,0,52,20,41,0,0,81,23,68,37,0,31,0,0,20,37,47,50,22,0,40,17
2019-11-24,41,12,0,0,62,0,39,0,26,32,47,0,0,0,0,30,50,37,0,28,91,36,0,67,0,38,0,23,18,44,0,57,30,0,64,19
2019-12-01,50,0,0,0,62,21,0,0,20,18,43,0,0,0,21,49,7,39,0,0,60,32,17,62,0,38,21,16,15,52,0,45,44,22,69,47
2019-12-08,75,0,0,0,59,53,0,0,21,27,32,0,0,0,0,39,21,48,22,0,50,0,0,50,0,34,0,35,0,44,0,59,27,50,73,22
2019-12-15,47,0,0,62,45,56,45,0,21,22,47,0,64,0,0,46,21,50,27,0,68,0,0,25,31,40,75,0,32,46,0,58,52,39,54,0
2019-12-22,48,16,0,0,61,0,0,27,24,17,52,0,25,0,0,24,35,53,0,0,59,0,34,74,0,34,19,0,10,56,78,75,31,0,84,0
2019-12-29,37,19,0,82,56,0,16,0,22,20,56,0,0,0,0,34,29,53,0,0,58,38,55,65,35,34,61,17,19,41,0,56,19,0,58,0
2020-01-05,43,17,0,42,56,33,16,0,27,46,37,0,19,0,0,51,38,50,0,0,65,16,0,52,0,38,28,0,30,51,20,31,46,0,66,27
2020-01-12,58,18,0,16,49,16,0,0,37,69,59,0,0,0,0,31,43,50,18,31,61,22,0,58,0,40,41,0,23,54,0,63,34,0,51,0
2020-01-19,58,46,0,23,88,54,46,37,25,30,48,0,57,0,22,59,44,58,0,0,79,51,0,51,0,30,0,0,15,35,67,64,14,0,59,29
2020-01-26,54,27,62,0,71,0,0,32,23,23,28,0,0,0,0,82,41,80,51,50,74,0,47,87,0,35,21,29,19,49,0,63,34,0,92,0
2020-02-02,58,15,50,0,66,0,0,0,21,14,29,0,0,19,0,100,60,76,18,0,72,18,0,46,22,34,28,0,12,34,0,56,20,0,72,43
2020-02-09,55,42,31,27,46,28,21,0,47,45,62,0,18,0,0,41,100,100,37,0,77,0,0,22,0,44,33,0,54,48,0,65,46,0,92,0
2020-02-16,50,27,0,48,54,19,31,53,46,52,56,43,41,0,0,96,46,65,30,32,72,77,0,57,0,46,32,17,46,48,0,68,58,0,65,11
2020-02-23,48,18,29,60,61,11,30,0,31,36,41,0,0,0,0,71,53,54,19,0,71,31,29,54,0,37,19,0,0,41,0,57,29,16,43,0
2020-03-01,35,24,0,26,66,23,35,38,33,42,43,0,0,74,0,21,41,52,24,0,66,25,0,75,46,34,0,53,19,43,0,67,31,17,57,14
2020-03-08,47,15,0,0,54,24,62,0,30,61,28,0,21,0,0,42,52,54,56,0,74,0,0,68,49,37,14,0,18,30,0,68,34,0,70,0
2020-03-15,79,12,0,17,61,15,41,0,27,32,33,0,0,0,0,43,32,65,20,27,73,0,26,38,0,38,27,0,30,40,0,57,39,0,43,0
2020-03-22,47,57,0,35,57,18,82,0,34,45,52,16,23,0,0,81,38,67,24,0,93,21,27,67,0,46,49,18,28,52,0,53,34,0,50,0
2020-03-29,53,22,0,24,60,25,24,0,22,35,28,0,28,0,0,53,25,59,16,19,91,0,0,26,0,41,39,16,34,34,0,30,35,0,47,8
2020-04-05,28,14,0,0,55,0,23,27,19,28,13,0,0,28,0,44,31,50,40,0,67,21,0,48,25,42,27,13,26,46,0,64,36,0,31,9
2020-04-12,39,24,0,55,57,35,20,0,18,26,31,0,0,0,34,33,32,46,60,0,69,29,0,33,0,40,31,36,24,33,18,54,36,0,36,0
2020-04-19,53,9,0,86,45,28,10,0,28,31,29,0,0,0,0,19,33,44,34,0,76,32,0,36,0,56,43,0,39,37,14,57,48,0,52,0
2020-04-26,71,14,0,29,52,46,28,25,22,17,35,0,30,0,0,76,35,34,49,0,69,0,0,67,56,49,22,40,35,59,23,73,36,0,60,0
2020-05-03,43,33,0,0,55,0,39,57,23,22,25,0,26,0,15,36,24,34,40,0,74,39,0,44,0,59,36,27,35,50,0,61,42,0,55,37
2020-05-10,58,35,17,37,72,28,34,36,32,52,37,14,28,0,0,69,59,30,43,18,78,14,0,56,21,67,46,16,50,48,0,69,61,0,48,0
2020-05-17,63,19,0,24,58,17,19,0,31,52,35,0,0,0,0,49,41,33,52,38,78,31,18,63,19,60,42,0,30,52,14,59,44,16,51,0
2020-05-24,49,0,0,34,50,0,32,36,34,34,45,0,0,0,0,64,44,36,24,0,83,39,0,53,22,58,36,41,23,39,0,54,47,0,51,13
2020-05-31,50,56,0,40,51,11,61,0,50,68,53,0,55,0,0,61,42,34,85,37,66,27,0,79,0,70,12,0,66,28,0,78,85,14,60,14
2020-06-07,48,60,0,0,60,25,61,21,62,63,68,0,0,0,0,39,35,35,53,0,73,25,0,38,0,83,50,35,48,35,28,45,57,46,46,22
2020-06-14,31,72,17,55,60,31,74,0,76,83,69,0,0,0,17,40,6,40,88,58,79,29,0,58,0,87,68,28,58,39,0,60,72,0,41,15
2020-06-21,54,69,0,62,60,0,54,55,82,98,83,0,0,0,18,70,32,38,76,0,80,32,0,56,0,100,77,59,91,35,0,75,80,16,48,0
2020-06-28,47,67,0,95,65,0,50,18,72,57,64,0,0,0,0,64,34,37,0,62,63,19,13,28,0,95,35,50,55,44,0,63,75,15,33,19
2020-07-05,46,45,74,55,66,11,51,27,66,58,76,0,0,0,0,51,43,36,28,0,64,41,0,31,0,75,29,20,55,41,0,63,70,0,46,0
2020-07-12,59,82,0,89,61,36,34,33,81,75,81,0,0,0,0,41,60,40,37,21,60,80,0,41,0,82,83,0,35,36,0,83,68,0,47,44
2020-07-19,69,61,0,45,61,0,59,0,100,93,94,13,51,18,0,92,34,37,92,0,70,23,0,19,0,92,72,33,68,42,20,45,71,0,73,25
2020-07-26,72,100,0,64,67,15,71,0,77,50,90,0,0,0,0,75,43,38,28,43,77,76,0,41,0,89,62,35,100,50,0,57,100,42,42,15
2020-08-02,31,70,25,69,55,34,77,58,79,100,92,0,23,0,0,64,44,42,11,0,79,15,0,54,45,75,0,0,52,47,15,62,63,0,54,16
2020-08-09,39,55,0,66,69,0,44,25,67,58,82,0,57,23,24,65,40,33,32,0,69,59,0,70,0,75,81,56,72,45,0,63,64,0,55,0
2020-08-16,40,54,0,56,64,0,0,21,58,50,45,0,25,0,0,68,34,33,45,0,69,0,18,49,0,72,49,0,51,46,0,64,49,0,54,24
2020-08-23,37,35,0,0,62,33,45,24,56,36,59,0,0,31,0,68,35,32,18,0,73,47,0,68,59,58,29,16,41,53,0,71,54,27,48,9
2020-08-30,56,71,0,57,61,0,54,41,48,31,33,0,38,31,0,68,37,27,18,0,62,0,34,62,22,59,0,30,47,50,0,78,55,0,52,0
2020-09-06,69,55,0,38,53,30,42,35,38,33,39,0,0,27,18,51,46,28,0,27,77,58,0,61,48,43,38,17,19,48,0,60,35,21,56,11
2020-09-13,70,50,0,0,62,47,46,32,35,48,31,0,0,0,0,50,32,28,53,0,76,46,0,34,19,54,22,38,45,39,68,65,43,0,64,19
2020-09-20,45,57,59,0,62,41,45,0,34,30,42,21,0,0,0,25,26,33,15,63,81,46,18,73,21,37,22,0,18,44,0,53,32,0,60,0
2020-09-27,77,42,0,0,63,0,38,74,30,27,28,66,0,0,15,47,34,30,37,0,60,52,0,53,41,54,19,20,46,50,16,56,56,0,48,0
2020-10-04,87,25,0,64,60,0,18,0,23,11,18,0,0,0,0,66,30,30,42,0,73,68,0,37,68,44,28,33,20,44,0,65,66,0,45,0
2020-10-11,60,12,0,0,64,0,53,0,29,32,26,44,0,0,0,65,36,26,44,26,78,0,40,53,46,45,34,0,0,46,0,76,35,0,67,0
2020-10-18,50,22,0,49,68,30,0,54,25,19,25,0,39,0,0,75,16,28,0,0,66,32,0,68,45,47,37,27,25,40,0,64,35,0,30,0
2020-10-25,16,16,0,0,52,18,34,46,19,20,22,0,70,0,0,28,40,25,33,0,69,22,0,33,80,44,29,58,34,65,0,57,31,0,43,0
2020-11-01,46,0,0,66,55,46,0,23,18,0,8,0,0,0,0,29,31,22,23,0,68,26,0,42,0,25,26,18,0,45,0,33,8,26,37,12
2020-11-08,50,14,46,35,63,39,0,0,18,16,13,0,0,0,0,58,41,23,0,29,72,18,0,28,21,39,29,0,21,38,0,48,45,38,60,0
2020-11-15,34,24,0,35,54,0,29,0,22,38,19,49,0,0,24,43,38,26,48,0,84,40,0,68,43,35,19,0,0,42,0,49,26,0,32,0
2020-11-22,55,29,0,0,57,36,41,0,16,33,20,20,0,21,0,70,21,27,19,0,68,21,0,51,0,38,25,0,35,44,24,41,49,18,73,0
2020-11-29,50,26,0,0,62,13,27,78,14,15,13,0,0,0,23,50,30,27,56,0,71,0,0,100,0,39,12,0,23,38,0,54,39,17,64,0
2020-12-06,67,24,36,25,60,33,0,0,12,19,11,31,36,0,0,47,36,23,42,90,73,38,80,66,0,43,36,20,24,42,0,55,43,22,88,0
2020-12-13,54,29,0,23,59,32,21,28,11,14,0,0,0,0,0,60,38,23,32,0,69,43,0,54,0,33,0,0,15,46,0,47,35,19,56,0
2020-12-20,73,0,0,44,60,44,30,33,10,11,16,0,0,0,0,49,66,22,24,0,62,48,0,55,0,32,49,0,0,50,0,68,34,0,74,14
2020-12-27,0,18,0,0,64,45,14,0,6,6,0,0,0,62,0,27,43,24,64,22,58,23,0,62,0,35,0,0,10,51,0,59,37,17,75,0
2021-01-03,50,18,40,0,55,0,15,20,10,5,18,0,0,0,0,57,46,29,15,0,70,25,0,22,80,30,27,0,30,47,41,45,29,0,61,0
2021-01-10,54,0,0,29,64,0,0,0,9,12,0,35,0,0,0,42,31,24,72,0,48,48,100,38,0,29,0,47,18,33,0,52,36,20,32,27
2021-01-17,38,20,0,0,55,44,0,0,9,0,8,0,39,0,0,63,34,23,35,0,64,40,0,30,0,26,39,0,18,39,0,75,36,0,64,0
2021-01-24,44,0,45,36,66,29,48,0,11,23,11,0,0,0,23,46,24,26,20,0,65,21,0,65,0,30,0,17,0,58,56,59,20,0,45,18
2021-01-31,41,18,0,0,72,36,42,0,9,7,12,0,0,0,0,54,31,22,14,0,90,19,0,55,0,25,0,34,0,34,0,58,29,35,91,0
2021-02-07,50,24,27,25,69,0,0,0,11,15,0,0,0,44,0,38,22,29,0,0,71,0,0,51,26,35,28,0,35,44,0,64,27,0,49,12
2021-02-14,36,0,0,27,70,41,16,0,12,33,6,0,0,0,0,25,25,31,26,0,78,48,0,31,0,29,21,0,35,58,0,68,33,20,72,0
2021-02-21,87,23,0,0,56,0,0,0,11,18,10,0,0,0,0,31,36,31,21,0,69,44,0,34,0,34,13,16,0,44,0,34,25,0,47,33
2021-02-28,35,0,0,27,59,36,39,0,11,7,14,0,0,86,33,52,38,27,29,0,88,29,0,47,0,43,75,0,28,39,0,79,37,19,63,14
2021-03-07,61,31,0,0,79,20,100,0,11,6,10,0,0,0,0,60,42,30,32,0,72,49,0,73,0,45,56,23,0,45,0,75,33,0,73,0
2021-03-14,88,15,0,0,57,15,0,0,9,9,0,0,0,0,0,58,35,27,38,0,76,0,0,48,0,34,17,0,10,38,20,60,43,0,88,0
2021-03-21,33,0,34,0,59,0,0,28,10,11,14,18,0,0,0,37,31,30,51,0,72,0,0,57,47,33,0,0,26,35,20,53,36,0,65,17
2021-03-28,39,0,0,35,63,13,27,0,10,0,11,0,0,0,0,47,45,30,48,0,76,39,0,48,0,32,0,26,10,52,0,72,21,0,53,11
2021-04-04,48,24,80,0,54,18,34,0,9,10,15,0,35,0,0,49,41,28,18,47,60,100,30,64,24,39,37,41,39,50,34,54,38,24,53,19
2021-04-11,53,16,0,33,60,27,20,0,10,0,11,0,0,0,22,45,44,31,0,0,62,46,0,42,100,37,0,24,41,57,0,85,36,27,49,10
2021-04-18,39,12,22,27,67,35,0,0,10,12,11,0,0,0,24,41,23,39,27,0,78,38,0,36,36,47,37,32,24,49,70,65,31,0,67,0
2021-04-25,28,17,0,67,68,0,19,0,13,20,0,0,0,0,15,56,23,34,25,0,89,65,0,48,0,45,24,29,18,55,0,53,22,0,78,11
2021-05-02,31,0,22,0,62,0,23,0,9,0,8,0,0,0,29,71,18,40,39,0,67,78,0,57,60,54,26,0,33,52,0,55,55,0,64,0
2021-05-09,65,29,0,0,56,38,16,0,11,0,0,0,0,0,0,61,39,41,0,0,75,33,17,43,0,37,57,33,27,39,24,52,34,0,69,0
2021-05-16,55,37,55,0,64,12,24,44,8,22,0,0,0,54,20,47,25,38,37,0,82,35,0,56,44,39,0,16,24,48,0,69,52,19,43,0
2021-05-23,40,14,0,19,61,0,0,37,11,15,0,0,16,0,0,54,44,38,47,0,72,0,0,33,0,46,47,37,39,73,0,98,37,0,42,0
2021-05-30,38,47,0,29,59,18,35,30,12,23,17,0,0,0,49,45,39,34,0,0,89,26,20,49,47,46,13,33,26,53,0,66,28,0,55,0
2021-06-06,66,40,29,33,55,16,18,0,10,13,11,0,23,0,21,48,30,32,31,0,77,22,0,54,21,44,49,0,0,74,19,60,26,25,59,15
2021-06-13,74,12,0,0,69,0,15,0,10,19,15,0,0,0,0,49,25,36,23,41,77,60,0,59,0,46,11,21,15,67,0,55,42,0,52,0
2021-06-20,62,27,0,27,56,13,35,24,8,9,0,0,37,28,19,20,50,31,24,49,82,34,0,31,68,37,0,0,30,58,19,48,42,54,53,0
2021-06-27,67,18,0,18,66,0,24,0,9,29,0,0,40,0,0,64,46,33,0,61,78,0,0,36,0,38,22,0,22,46,0,77,28,19,62,0
2021-07-04,65,20,0,26,50,0,48,0,10,12,11,25,0,0,0,33,30,41,25,37,82,0,81,38,0,31,15,28,24,67,0,65,53,16,23,0
2021-07-11,47,27,0,0,60,29,21,20,12,14,18,0,0,0,23,44,18,44,49,51,83,0,0,64,0,40,43,0,0,39,0,59,31,0,75,25
2021-07-18,41,0,0,0,76,12,32,0,15,8,24,0,42,0,0,82,33,51,30,0,88,64,0,79,32,37,56,34,0,57,0,100,24,39,60,0
2021-07-25,53,33,0,0,69,0,22,0,5,0,5,0,0,31,0,32,27,43,31,77,91,35,0,24,0,34,17,39,18,41,0,80,24,16,52,0
2021-08-01,57,0,0,33,78,24,0,0,11,0,13,25,0,27,0,17,30,51,15,0,81,60,0,58,0,28,0,0,0,55,0,91,25,42,63,0
2021-08-08,51,0,0,0,41,35,15,0,10,9,13,0,0,0,0,37,27,33,15,0,100,0,0,77,0,34,32,0,12,46,0,86,31,0,71,0
2021-08-15,13,21,0,0,40,47,20,0,8,0,13,0,19,0,0,46,18,31,100,0,72,64,33,59,66,31,0,32,0,47,85,73,27,30,31,0
2021-08-22,51,0,0,0,64,37,17,0,8,0,9,0,0,0,0,33,37,24,24,23,62,37,0,64,45,25,17,17,9,31,0,55,44,0,58,0
2021-08-29,41,0,0,20,52,93,0,35,7,0,10,0,0,0,0,50,48,25,36,0,57,45,0,32,0,40,56,44,34,55,0,43,26,24,58,0
2021-09-05,19,14,0,0,48,35,92,0,10,0,0,39,0,0,84,34,47,32,23,0,80,39,0,47,26,27,46,67,0,75,0,77,33,28,72,0
2021-09-12,72,0,24,0,52,32,27,42,10,6,0,0,36,0,0,13,33,29,20,0,62,52,0,47,0,39,34,0,9,48,0,68,35,0,61,0
2021-09-19,63,0,0,0,59,0,57,0,13,10,14,0,0,0,0,26,33,34,26,0,72,0,0,63,0,26,0,23,10,52,0,80,22,23,53,0
2021-09-26,56,0,0,0,51,34,23,0,11,17,0,0,0,0,0,12,31,28,21,0,59,23,19,50,37,40,0,28,0,41,100,52,28,0,53,0
2021-10-03,52,29,0,25,61,35,0,35,11,21,6,0,0,0,0,42,32,32,0,48,63,47,0,66,0,28,30,0,8,55,0,73,25,63,65,0
2021-10-10,59,0,0,41,73,0,36,0,10,14,6,0,0,0,0,39,38,31,32,0,90,30,0,28,0,33,0,22,9,54,0,40,20,0,65,0
2021-10-17,50,0,0,0,49,0,30,0,11,0,14,0,0,0,0,28,15,29,15,95,77,72,0,70,0,34,54,0,27,32,0,40,13,59,40,0
2021-10-24,50,0,0,0,48,22,64,25,9,11,9,26,0,0,0,0,69,31,46,0,75,16,0,59,48,19,28,26,0,32,0,71,12,21,65,67
2021-10-31,59,0,25,0,38,31,24,0,10,9,13,0,0,45,18,71,36,28,32,0,60,0,0,37,34,30,0,41,14,36,0,51,14,27,87,0
2021-11-07,59,0,0,27,55,36,0,0,6,0,15,0,0,0,0,51,31,34,47,49,66,38,0,14,0,26,12,0,0,28,0,47,41,0,50,0
2021-11-14,82,0,26,0,72,28,62,0,7,0,16,0,0,0,0,36,13,30,21,28,71,30,0,16,51,41,64,45,14,64,0,46,27,18,54,0
2021-11-21,66,0,28,32,67,0,0,24,8,9,0,0,29,0,23,0,39,26,0,0,66,52,0,61,52,37,26,23,19,59,0,53,31,0,62,0
2021-11-28,53,0,0,0,67,23,38,0,5,7,0,0,0,0,0,17,37,24,56,0,72,25,0,45,67,28,20,0,22,50,0,50,33,0,33,0
2021-12-05,12,23,0,0,55,16,24,0,7,27,8,29,0,0,0,50,26,25,24,0,60,84,0,67,0,27,0,29,17,29,0,66,14,0,9,11
2021-12-12,46,0,0,0,49,65,18,0,5,17,0,0,0,0,35,56,37,26,34,0,56,0,0,81,0,32,0,0,9,45,0,69,17,0,58,0
2021-12-19,64,0,55,0,55,36,38,0,1,0,11,0,0,0,100,47,52,28,0,0,59,74,0,60,0,23,24,0,21,41,0,56,34,0,36,0
2021-12-26,29,0,0,24,52,0,36,0,4,0,0,0,0,0,0,77,46,36,0,0,69,0,0,68,0,23,18,25,28,46,0,59,51,0,80,0
2022-01-02,66,0,0,0,54,54,44,0,8,0,7,0,0,0,0,0,28,37,34,0,78,0,0,89,0,44,29,0,20,73,0,41,36,0,64,14
2022-01-09,37,20,0,0,85,22,34,85,10,0,19,0,51,0,0,32,37,45,23,42,96,0,0,35,0,28,35,0,20,81,0,81,33,56,89,23
2022-01-16,30,0,92,0,67,19,32,0,7,8,0,0,53,0,0,43,28,43,0,39,92,76,0,56,0,37,77,29,41,100,0,75,25,36,57,56
2022-01-23,47,0,0,57,62,31,0,0,11,6,0,0,0,0,0,30,12,45,0,0,91,0,0,76,0,36,29,0,22,68,0,54,23,31,49,0
2022-01-30,41,0,0,0,100,0,0,0,8,11,8,0,0,0,0,31,31,45,0,0,78,0,0,60,0,33,57,50,25,46,0,69,52,0,92,0
2022-02-06,33,0,0,0,54,47,28,0,10,0,10,0,0,0,0,33,72,52,0,32,74,28,0,49,31,47,0,29,48,68,0,67,52,0,50,0
2022-02-13,33,11,0,0,64,23,37,51,10,0,13,0,0,0,0,50,46,59,35,27,83,40,0,58,0,35,26,0,0,58,0,64,20,26,70,0
2022-02-20,35,36,0,28,55,31,16,39,9,0,10,0,24,0,15,27,44,60,0,32,86,58,20,58,18,30,0,37,8,51,0,53,32,0,77,21
2022-02-27,69,12,0,0,50,25,0,0,13,0,11,13,0,29,0,36,42,58,53,34,89,24,0,50,66,34,18,43,23,57,69,76,28,14,77,0
2022-03-06,69,18,32,30,46,0,0,0,14,16,11,0,48,0,14,88,52,48,34,0,84,60,0,85,0,37,32,0,9,62,0,49,35,0,55,0
2022-03-13,54,21,68,21,70,31,31,38,16,10,6,0,0,0,0,53,36,45,31,0,86,34,16,68,0,49,25,50,35,43,0,57,40,20,72,0
2022-03-20,48,34,0,42,59,27,39,0,15,5,27,0,14,0,0,52,30,36,15,0,80,28,0,50,0,43,21,0,38,57,44,65,46,17,64,25
2022-03-27,35,19,31,17,57,0,42,27,20,28,22,18,0,0,24,38,40,32,29,0,84,19,0,41,17,37,39,0,16,57,0,67,23,0,76,9
2022-04-03,63,23,30,30,55,10,0,26,20,14,21,0,0,0,0,48,35,35,0,0,71,0,0,64,36,39,29,0,17,49,0,59,32,0,62,13
2022-04-10,32,0,56,0,63,0,26,0,28,36,25,0,0,0,0,46,35,32,40,0,60,39,0,88,0,51,27,68,24,57,13,44,24,0,49,0
2022-04-17,52,38,0,40,54,17,21,19,39,44,29,0,34,18,12,34,32,33,40,25,63,27,0,57,53,57,40,0,28,63,0,58,43,0,57,27
2022-04-24,35,29,0,71,61,39,13,49,49,51,44,0,0,0,0,43,61,35,40,33,63,27,0,39,0,71,56,12,46,52,29,42,58,54,48,12
2022-05-01,23,36,24,67,47,23,22,0,40,38,41,0,0,0,0,57,37,37,28,0,59,19,0,64,0,56,55,41,57,42,0,51,71,0,69,0
2022-05-08,53,50,0,50,69,20,17,69,47,68,37,0,23,0,18,31,31,41,26,0,74,16,0,47,21,57,35,38,40,71,0,61,51,23,84,40
2022-05-15,41,47,0,46,58,30,44,24,68,82,29,0,0,0,0,40,32,50,12,0,69,67,0,39,0,64,46,28,45,73,0,57,65,0,77,0
2022-05-22,53,12,20,0,65,45,71,42,54,44,47,39,15,0,0,51,34,45,16,0,75,0,0,56,0,54,36,17,30,57,0,88,49,0,72,0
2022-05-29,87,35,0,43,54,38,40,38,54,72,56,0,41,0,0,14,25,50,0,0,68,0,0,47,57,55,41,0,48,40,0,74,75,23,82,0
2022-06-05,54,37,24,31,69,35,30,93,63,68,68,41,17,0,81,26,30,44,24,0,66,0,0,66,0,45,37,16,39,51,0,63,56,0,75,19
2022-06-12,15,13,47,0,71,13,34,36,60,81,49,42,41,64,0,39,47,51,64,43,79,0,38,63,0,64,82,0,59,66,0,67,60,0,63,100
2022-06-19,45,47,0,82,73,36,49,49,58,57,60,0,0,25,0,63,39,55,0,0,84,47,0,38,0,47,50,49,46,48,33,74,51,0,72,18
2022-06-26,71,21,21,50,56,15,47,23,59,33,77,0,27,0,0,27,31,68,23,0,89,46,52,48,20,56,48,17,46,60,23,80,60,0,82,37
2022-07-03,55,40,0,48,67,61,16,0,56,58,30,100,52,0,0,19,31,58,0,0,89,21,0,28,0,56,40,0,45,53,19,62,48,0,58,0
2022-07-10,45,15,0,21,69,35,19,0,48,56,38,0,21,0,0,24,20,65,54,0,91,0,0,55,24,46,100,31,21,70,0,91,33,32,86,13
2022-07-17,57,12,0,24,58,16,48,0,46,31,45,0,0,100,22,23,35,60,24,0,89,0,0,63,41,43,32,0,42,56,0,80,48,0,100,0
2022-07-24,34,18,0,0,65,24,41,35,46,53,24,13,0,20,28,36,29,64,19,65,72,41,0,56,38,42,11,27,34,74,0,66,60,44,90,22
2022-07-31,60,38,46,0,62,26,17,51,42,55,34,0,0,0,28,23,44,52,0,0,83,52,0,70,0,53,52,18,14,68,0,65,58,0,84,0
2022-08-07,73,13,0,37,57,25,0,0,34,24,45,0,0,0,0,29,28,50,0,0,83,26,0,62,59,45,43,44,24,51,0,79,23,0,75,12
2022-08-14,58,17,0,58,51,21,16,52,35,46,35,0,0,30,0,33,40,44,23,0,73,88,0,58,45,47,64,28,37,50,0,56,37,0,72,0
2022-08-21,33,0,65,0,51,0,35,25,31,31,30,0,59,0,0,51,30,44,16,0,77,16,0,52,0,34,25,17,29,61,0,65,33,33,47,15
2022-08-28,72,44,0,0,52,0,39,69,34,33,54,0,0,27,0,66,23,44,11,0,76,24,0,61,0,53,34,20,38,58,0,52,54,39,65,32
2022-09-04,41,52,0,57,63,37,20,60,28,17,22,0,36,0,0,16,24,45,0,0,72,0,0,44,0,48,47,0,34,57,27,58,19,20,75,14
2022-09-11,37,66,0,35,66,16,0,0,28,10,44,0,32,0,72,39,18,48,35,0,71,51,0,49,0,49,47,21,20,42,0,68,43,0,100,19
2022-09-18,43,22,24,0,57,23,37,0,24,14,25,0,0,0,27,11,13,47,31,0,76,52,0,58,0,41,24,31,28,53,29,56,51,0,50,13
2022-09-25,35,0,0,0,67,22,32,0,23,22,33,0,0,0,0,9,51,47,25,0,86,47,0,20,23,41,28,26,33,60,29,71,43,15,76,0
2022-10-02,49,58,0,18,69,61,59,0,20,12,21,14,20,0,0,40,33,50,20,0,82,32,0,40,37,57,24,0,23,53,0,46,36,0,80,18
2022-10-09,37,13,0,21,59,35,18,56,29,6,33,18,40,0,56,26,41,64,22,31,82,0,0,91,41,45,15,0,23,59,0,55,25,0,75,40
2022-10-16,43,12,0,0,43,0,12,0,23,22,34,0,0,20,0,25,41,59,68,0,94,0,17,55,47,36,52,30,37,55,0,48,31,0,69,22
2022-10-23,58,0,0,39,62,0,22,20,25,28,16,32,18,0,0,53,26,46,39,0,91,16,0,60,42,44,45,23,37,60,0,86,38,45,71,13
2022-10-30,70,14,0,20,59,25,18,30,19,21,26,0,0,0,0,17,32,42,23,38,76,35,0,72,0,35,33,0,22,72,0,55,36,18,79,0
2022-11-06,49,0,52,0,73,21,0,38,18,0,22,0,33,0,0,26,33,43,66,0,84,31,0,48,0,32,0,0,24,62,0,60,29,0,90,9
2022-11-13,31,24,0,16,66,13,25,0,18,39,15,0,0,20,0,10,16,41,18,29,73,24,0,54,0,34,29,19,0,28,0,54,34,0,71,13
2022-11-20,30,19,20,31,53,0,23,24,17,9,18,0,25,0,0,35,35,39,0,20,73,0,0,47,0,42,49,14,20,61,0,39,34,0,71,12
2022-11-27,55,15,22,0,47,24,31,0,14,0,27,0,45,0,18,44,15,36,0,0,71,25,0,55,0,26,21,0,26,56,0,41,36,0,67,0
2022-12-04,79,0,0,26,45,16,0,0,18,0,24,0,21,0,29,31,38,37,29,0,75,44,0,44,0,29,15,29,26,51,15,54,39,21,88,0
2022-12-11,60,0,0,34,67,0,0,0,20,21,33,0,21,22,25,0,32,46,0,0,70,0,30,40,69,40,40,26,28,60,0,57,26,17,55,0
2022-12-18,20,12,0,46,53,35,0,54,15,0,17,16,0,0,0,36,22,48,23,59,71,16,17,81,0,36,45,16,16,37,0,49,38,17,62,17
2022-12-25,62,15,0,26,61,28,35,30,17,16,10,0,0,0,0,0,63,45,0,0,78,0,0,52,0,40,22,19,15,59,42,76,33,44,73,0
2023-01-01,35,0,0,0,48,0,0,28,18,15,19,17,0,0,0,37,54,32,18,0,77,25,0,42,0,32,26,25,10,48,0,78,45,0,99,0
2023-01-08,45,12,0,0,64,17,30,0,17,25,23,20,0,0,0,29,32,42,0,34,69,0,0,49,30,38,35,0,29,57,0,57,39,0,42,17
2023-01-15,55,0,0,0,50,72,0,0,18,27,16,0,0,0,0,63,32,42,0,0,71,44,31,43,0,32,50,0,25,47,0,62,18,0,97,21
2023-01-22,21,21,0,0,72,0,26,0,14,15,15,0,0,0,0,22,25,43,22,0,64,35,0,37,0,28,23,32,0,52,24,70,18,37,52,0
2023-01-29,37,25,0,31,60,0,14,0,19,22,17,71,0,0,0,39,22,43,0,0,77,0,0,31,0,23,36,23,0,45,0,58,31,20,71,12
2023-02-05,32,31,0,67,63,29,20,28,16,10,22,0,0,0,0,26,36,42,0,0,67,0,0,61,0,35,18,21,0,49,0,46,30,0,63,11
2023-02-12,63,30,61,0,64,0,13,19,16,7,26,0,0,34,0,27,27,48,54,0,66,18,21,71,62,33,54,0,7,40,0,48,28,0,83,12
2023-02-19,36,0,0,64,81,100,23,0,14,9,13,14,22,0,15,36,32,50,48,0,92,15,0,60,53,39,18,26,20,68,0,89,28,0,69,0
2023-02-26,35,31,0,30,62,0,12,0,7,5,18,23,0,0,0,46,31,44,25,0,65,0,14,51,0,30,11,18,26,53,0,54,30,0,66,0
2023-03-05,51,0,0,0,67,25,16,0,12,11,5,0,0,0,0,16,37,59,25,23,79,21,25,72,0,38,0,37,30,54,0,57,55,0,82,18
2023-03-12,40,15,0,0,54,31,0,0,14,0,19,19,41,0,0,42,29,62,18,21,80,0,0,53,0,36,32,0,22,42,0,47,37,17,70,27
2023-03-19,44,15,18,68,56,17,29,24,15,5,22,0,0,0,0,27,40,58,30,0,85,28,0,50,23,34,57,39,23,51,0,41,26,0,88,0
2023-03-26,44,0,0,0,65,20,39,46,18,30,17,0,0,76,61,35,32,56,46,55,81,0,0,71,0,44,53,79,39,68,0,40,35,76,70,0
