time,dengue_cases,denv_1,denv_2,denv_3,denv_4,Mean Temperature (°C),Mean Wind Speed (km/h),Daily Rainfall Total (mm),Maximum Temperature (°C),Max Wind Speed (km/h),Minimum Temperature (°C),google_trends,s_ratio,month_2,month_3,month_4,month_5,month_6,month_7,month_8,month_9,month_10,month_11,month_12
2018-04-08,38,,,,,,,,,,,,0.0,0,0,1,0,0,0,0,0,0,0,0
2018-04-15,56,0.0,0.505,0.484,0.011,28.52857142857143,10.714285714285714,0.7428571428571428,33.8,36.7,25.5,20.0,0.7253672804320647,0,0,1,0,0,0,0,0,0,0,0
2018-04-22,55,0.0,0.505,0.484,0.011,28.914285714285715,9.828571428571427,2.0571428571428574,34.4,38.2,24.6,18.0,0.7251885811884516,0,0,1,0,0,0,0,0,0,0,0
2018-04-29,74,0.0,0.505,0.484,0.011,28.142857142857142,7.7,0.3714285714285714,34.3,37.1,25.5,21.0,0.7250871599107983,0,0,1,0,0,0,0,0,0,0,0
2018-05-06,62,0.0,0.505,0.484,0.011,28.414285714285715,6.842857142857143,4.8,35.0,43.6,22.6,23.0,0.7248063377941957,0,0,0,1,0,0,0,0,0,0,0
2018-05-13,63,0.029,0.549,0.382,0.039,28.785714285714285,8.328571428571427,3.742857142857143,34.2,44.6,23.6,39.0,0.7120322579696285,0,0,0,1,0,0,0,0,0,0,0
2018-05-20,64,0.029,0.549,0.382,0.039,29.685714285714287,11.228571428571428,0.1999999999999999,33.8,51.1,26.3,21.0,0.7118830666728634,0,0,0,1,0,0,0,0,0,0,0
2018-05-27,52,0.029,0.549,0.382,0.039,28.414285714285715,6.471428571428571,1.457142857142857,34.0,36.4,24.6,30.0,0.711683540647741,0,0,0,1,0,0,0,0,0,0,0
2018-06-03,75,0.029,0.549,0.382,0.039,28.31428571428572,6.914285714285714,6.914285714285714,33.1,49.3,24.0,23.0,0.7116520323749292,0,0,0,0,1,0,0,0,0,0,0
2018-06-10,55,0.244,0.353,0.328,0.076,27.842857142857145,5.6000000000000005,17.37142857142857,32.9,45.0,22.9,24.0,0.7233291067824126,0,0,0,0,1,0,0,0,0,0,0
2018-06-17,59,0.244,0.353,0.328,0.076,29.728571428571428,9.55714285714286,0.5999999999999999,33.4,36.4,24.2,22.0,0.7233334348108164,0,0,0,0,1,0,0,0,0,0,0
2018-06-24,75,0.244,0.353,0.328,0.076,29.1,9.328571428571427,1.6857142857142855,33.1,42.5,23.6,22.0,0.7233840416908688,0,0,0,0,1,0,0,0,0,0,0
2018-07-01,56,0.244,0.353,0.328,0.076,27.74285714285714,8.27142857142857,4.628571428571428,32.2,47.2,23.6,25.0,0.72328642519517,0,0,0,0,0,1,0,0,0,0,0
2018-07-08,44,0.307,0.467,0.173,0.053,27.042857142857144,6.528571428571429,9.285714285714286,31.5,36.4,23.0,24.0,0.6886913975758977,0,0,0,0,0,1,0,0,0,0,0
2018-07-15,41,0.307,0.467,0.173,0.053,28.24285714285714,9.985714285714286,9.114285714285714,31.7,41.8,23.1,21.0,0.6886500706750991,0,0,0,0,0,1,0,0,0,0,0
2018-07-22,56,0.307,0.467,0.173,0.053,28.25714285714286,10.285714285714286,8.371428571428572,32.3,51.1,21.9,22.0,0.6886975365995556,0,0,0,0,0,1,0,0,0,0,0
2018-07-29,50,0.307,0.467,0.173,0.053,28.914285714285715,11.514285714285714,1.2857142857142858,31.9,40.0,23.5,23.0,0.6886438345019706,0,0,0,0,0,1,0,0,0,0,0
2018-08-05,59,0.307,0.467,0.173,0.053,29.0,12.4,0.7428571428571429,33.0,41.0,24.9,25.0,0.6886628806573143,0,0,0,0,0,0,1,0,0,0,0
2018-08-12,42,0.355,0.477,0.103,0.065,27.81428571428572,10.028571428571428,5.485714285714286,32.4,40.3,24.0,21.0,0.6801235917173296,0,0,0,0,0,0,1,0,0,0,0
2018-08-19,66,0.355,0.477,0.103,0.065,28.571428571428573,10.342857142857143,0.9714285714285714,33.0,40.0,21.9,17.0,0.6802055852470263,0,0,0,0,0,0,1,0,0,0,0
2018-08-26,75,0.355,0.477,0.103,0.065,29.25714285714286,14.8,0.5428571428571428,33.0,40.3,24.9,17.0,0.6802063343300289,0,0,0,0,0,0,1,0,0,0,0
2018-09-02,75,0.355,0.477,0.103,0.065,28.24285714285714,9.814285714285717,10.171428571428573,33.2,43.2,22.5,19.0,0.6801494469439096,0,0,0,0,0,0,0,1,0,0,0
2018-09-09,49,0.488,0.419,0.07,0.023,28.15714285714285,8.585714285714285,1.9714285714285715,32.7,45.0,21.4,19.0,0.6698020042161388,0,0,0,0,0,0,0,1,0,0,0
2018-09-16,63,0.488,0.419,0.07,0.023,27.185714285714287,6.228571428571429,13.828571428571433,31.9,42.5,21.8,17.0,0.6698028510969775,0,0,0,0,0,0,0,1,0,0,0
2018-09-23,40,0.488,0.419,0.07,0.023,28.11428571428572,9.314285714285717,0.4857142857142857,32.0,37.1,24.8,20.0,0.6696129846400414,0,0,0,0,0,0,0,1,0,0,0
2018-09-30,51,0.488,0.419,0.07,0.023,27.557142857142857,8.385714285714286,5.228571428571429,32.5,37.4,23.7,22.0,0.6696091334139735,0,0,0,0,0,0,0,1,0,0,0
2018-10-07,51,0.488,0.419,0.07,0.023,29.15714285714285,12.028571428571428,0.0,33.0,45.4,26.1,19.0,0.6695447860444281,0,0,0,0,0,0,0,0,1,0,0
2018-10-14,60,0.154,0.635,0.183,0.029,29.185714285714287,11.62857142857143,2.8285714285714287,34.5,45.7,23.7,15.0,0.6760986907794099,0,0,0,0,0,0,0,0,1,0,0
2018-10-21,78,0.154,0.635,0.183,0.029,26.585714285714285,5.2,25.342857142857145,32.5,44.6,22.5,19.0,0.6760663119045175,0,0,0,0,0,0,0,0,1,0,0
2018-10-28,75,0.154,0.635,0.183,0.029,28.02857142857143,6.742857142857143,3.828571428571428,33.3,48.2,23.4,17.0,0.6758955942867189,0,0,0,0,0,0,0,0,1,0,0
2018-11-04,71,0.154,0.635,0.183,0.029,27.8,6.1571428571428575,1.3714285714285714,32.8,35.6,25.1,18.0,0.6757247976032442,0,0,0,0,0,0,0,0,0,1,0
2018-11-11,78,0.104,0.681,0.208,0.007,27.47142857142857,6.885714285714286,1.8,32.9,37.8,24.5,19.0,0.6714494421742527,0,0,0,0,0,0,0,0,0,1,0
2018-11-18,97,0.104,0.681,0.208,0.007,27.32857142857143,5.6571428571428575,3.4285714285714284,32.7,32.8,23.6,24.0,0.6713289689896086,0,0,0,0,0,0,0,0,0,1,0
2018-11-25,109,0.104,0.681,0.208,0.007,27.17142857142857,5.385714285714286,6.857142857142857,32.5,55.4,22.4,23.0,0.6711235693448487,0,0,0,0,0,0,0,0,0,1,0
2018-12-02,114,0.104,0.681,0.208,0.007,27.31428571428572,5.542857142857143,6.942857142857143,33.4,40.0,22.8,31.0,0.6708539674140442,0,0,0,0,0,0,0,0,0,0,1
2018-12-09,107,0.177,0.581,0.226,0.016,27.442857142857143,6.928571428571429,6.371428571428572,32.0,33.5,23.9,26.0,0.6811381081560808,0,0,0,0,0,0,0,0,0,0,1
2018-12-16,127,0.177,0.581,0.226,0.016,27.61428571428572,6.285714285714286,1.5714285714285714,32.3,26.6,24.9,23.0,0.6810761211120344,0,0,0,0,0,0,0,0,0,0,1
2018-12-23,160,0.177,0.581,0.226,0.016,26.885714285714283,6.4,11.05714285714286,31.9,37.4,23.7,25.0,0.6810413069913195,0,0,0,0,0,0,0,0,0,0,1
2018-12-30,205,0.177,0.581,0.226,0.016,27.728571428571428,7.357142857142857,2.8285714285714287,32.7,45.0,23.6,19.0,0.6810159558733353,0,0,0,0,0,0,0,0,0,0,1
2019-01-06,245,0.049,0.451,0.407,0.093,28.285714285714285,6.857142857142857,2.5428571428571423,33.8,45.7,24.7,23.0,0.730810029746686,0,0,0,0,0,0,0,0,0,0,0
2019-01-13,207,0.063,0.773,0.147,0.017,28.61428571428572,9.257142857142856,5.6000000000000005,33.4,43.9,24.8,25.0,0.6566118330940014,0,0,0,0,0,0,0,0,0,0,0
2019-01-20,221,0.063,0.773,0.147,0.017,28.31428571428572,12.385714285714286,0.9142857142857144,32.6,37.8,24.7,28.0,0.6558656042121345,0,0,0,0,0,0,0,0,0,0,0
2019-01-27,179,0.063,0.773,0.147,0.017,27.47142857142857,9.314285714285717,7.771428571428572,32.6,35.6,23.5,27.0,0.6547966772039046,0,0,0,0,0,0,0,0,0,0,0
2019-02-03,135,0.063,0.773,0.147,0.017,27.642857142857142,12.7,0.2857142857142857,31.9,47.5,25.0,29.0,0.6538920988420801,1,0,0,0,0,0,0,0,0,0,0
2019-02-10,232,0.09,0.737,0.13,0.043,27.81428571428572,12.585714285714284,0.1428571428571428,32.9,38.9,25.2,29.0,0.6593082238795804,1,0,0,0,0,0,0,0,0,0,0
2019-02-17,181,0.09,0.737,0.13,0.043,28.385714285714283,12.071428571428571,0.0,34.1,43.6,24.7,34.0,0.6583261344039761,1,0,0,0,0,0,0,0,0,0,0
2019-02-24,156,0.09,0.737,0.13,0.043,28.085714285714285,12.714285714285714,1.3142857142857145,33.6,43.2,23.0,31.0,0.6576371531201577,1,0,0,0,0,0,0,0,0,0,0
2019-03-03,133,0.09,0.737,0.13,0.043,28.071428571428573,10.842857142857142,3.142857142857143,33.5,35.3,21.9,26.0,0.6570359482452308,0,1,0,0,0,0,0,0,0,0,0
2019-03-10,109,0.05,0.639,0.238,0.074,28.342857142857145,13.357142857142858,0.0285714285714285,33.6,41.8,24.7,31.0,0.6860440431603403,0,1,0,0,0,0,0,0,0,0,0
2019-03-17,96,0.05,0.639,0.238,0.074,28.928571428571427,10.9,0.0,34.7,37.8,24.6,22.0,0.685746595180801,0,1,0,0,0,0,0,0,0,0,0
2019-03-24,99,0.05,0.639,0.238,0.074,28.52857142857143,10.22857142857143,3.857142857142857,34.8,41.0,22.3,24.0,0.6855532398645953,0,1,0,0,0,0,0,0,0,0,0
2019-03-31,108,0.05,0.639,0.238,0.074,28.842857142857145,9.828571428571427,1.2571428571428571,34.5,32.8,23.1,22.0,0.6853786670396627,0,1,0,0,0,0,0,0,0,0,0
2019-04-07,125,0.05,0.639,0.238,0.074,28.7,9.357142857142858,5.2,34.5,34.9,22.9,21.0,0.6852181562290159,0,0,1,0,0,0,0,0,0,0,0
2019-04-14,134,0.077,0.568,0.297,0.058,28.11428571428572,7.928571428571429,8.142857142857142,33.7,36.7,22.7,28.0,0.6950061105536706,0,0,1,0,0,0,0,0,0,0,0
2019-04-21,156,0.077,0.568,0.297,0.058,28.62857142857143,7.814285714285715,5.314285714285715,33.4,40.7,23.6,28.0,0.6948868675140546,0,0,1,0,0,0,0,0,0,0,0
2019-04-28,192,0.077,0.568,0.297,0.058,29.357142857142858,8.857142857142858,3.057142857142857,34.5,37.8,25.0,30.0,0.6947901393267457,0,0,1,0,0,0,0,0,0,0,0
2019-05-05,287,0.077,0.568,0.297,0.058,28.428571428571427,5.871428571428572,8.457142857142857,34.5,40.3,24.0,28.0,0.6948848963507741,0,0,0,1,0,0,0,0,0,0,0
2019-05-12,307,0.033,0.569,0.275,0.123,29.085714285714285,6.771428571428571,1.0285714285714287,34.3,34.9,25.6,33.0,0.704178192757644,0,0,0,1,0,0,0,0,0,0,0
2019-05-19,376,0.033,0.569,0.275,0.123,29.457142857142856,6.228571428571429,4.571428571428571,34.7,52.6,22.9,30.0,0.7039563361690176,0,0,0,1,0,0,0,0,0,0,0
2019-05-26,400,0.033,0.569,0.275,0.123,29.02857142857143,7.085714285714286,2.628571428571429,33.1,41.0,22.8,28.0,0.703450245589013,0,0,0,1,0,0,0,0,0,0,0
2019-06-02,396,0.033,0.569,0.275,0.123,29.27142857142857,8.4,0.8571428571428571,33.5,35.6,26.1,40.0,0.7027963580044054,0,0,0,0,1,0,0,0,0,0,0
2019-06-09,464,0.045,0.641,0.239,0.075,29.11428571428572,9.457142857142856,2.7142857142857144,33.0,43.9,25.2,35.0,0.6819587138749745,0,0,0,0,1,0,0,0,0,0,0
2019-06-16,430,0.045,0.641,0.239,0.075,27.728571428571428,7.485714285714286,7.571428571428571,32.6,37.8,24.2,37.0,0.6808547903684246,0,0,0,0,1,0,0,0,0,0,0
2019-06-23,492,0.045,0.641,0.239,0.075,28.957142857142856,9.44285714285714,3.7142857142857135,33.0,36.7,23.6,52.0,0.6802289658867562,0,0,0,0,1,0,0,0,0,0,0
2019-06-30,591,0.045,0.641,0.239,0.075,28.0,7.614285714285714,8.885714285714286,32.4,57.6,23.3,50.0,0.6796452773943085,0,0,0,0,1,0,0,0,0,0,0
2019-07-07,661,0.045,0.641,0.239,0.075,28.985714285714288,11.828571428571427,2.7142857142857144,32.5,43.2,23.9,42.0,0.6787507474403554,0,0,0,0,0,1,0,0,0,0,0
2019-07-14,644,0.024,0.697,0.207,0.072,29.25714285714286,12.0,0.0571428571428571,33.2,42.5,26.8,45.0,0.6666952871474323,0,0,0,0,0,1,0,0,0,0,0
2019-07-21,601,0.024,0.697,0.207,0.072,29.057142857142857,13.185714285714283,0.2571428571428571,32.9,42.1,24.8,51.0,0.664870510201049,0,0,0,0,0,1,0,0,0,0,0
2019-07-28,597,0.024,0.697,0.207,0.072,28.81428571428572,13.214285714285714,0.3714285714285714,32.7,44.6,23.9,50.0,0.6633461319404692,0,0,0,0,0,1,0,0,0,0,0
2019-08-04,521,0.024,0.697,0.207,0.072,28.77142857142857,11.2,1.0571428571428572,33.0,39.2,24.2,57.0,0.6615491823915226,0,0,0,0,0,0,1,0,0,0,0
2019-08-11,522,0.014,0.722,0.175,0.089,29.442857142857143,14.614285714285714,0.0,33.4,47.2,26.7,60.0,0.6565795067543552,0,0,0,0,0,0,1,0,0,0,0
2019-08-18,474,0.014,0.722,0.175,0.089,29.185714285714287,16.04285714285714,0.5714285714285714,32.9,40.7,27.2,47.0,0.6549791894056826,0,0,0,0,0,0,1,0,0,0,0
2019-08-25,412,0.014,0.722,0.175,0.089,29.585714285714285,16.257142857142856,0.0,33.3,42.5,27.2,48.0,0.6534655643437893,0,0,0,0,0,0,1,0,0,0,0
2019-09-01,326,0.014,0.722,0.175,0.089,29.32857142857143,15.628571428571428,0.5428571428571428,34.0,44.3,25.7,41.0,0.6520277135886768,0,0,0,0,0,0,0,1,0,0,0
2019-09-08,314,0.031,0.656,0.257,0.055,28.25714285714286,11.828571428571427,0.5714285714285714,33.2,43.6,24.5,36.0,0.6622758786568997,0,0,0,0,0,0,0,1,0,0,0
2019-09-15,299,0.031,0.656,0.257,0.055,29.442857142857143,16.04285714285714,0.0,33.8,42.5,24.7,40.0,0.6615890783054832,0,0,0,0,0,0,0,1,0,0,0
2019-09-22,258,0.031,0.656,0.257,0.055,29.2,13.971428571428572,0.0,33.8,41.0,27.0,41.0,0.660832291642982,0,0,0,0,0,0,0,1,0,0,0
2019-09-29,243,0.031,0.656,0.257,0.055,29.24285714285714,15.814285714285717,0.0,33.9,46.1,26.4,37.0,0.6602685989327052,0,0,0,0,0,0,0,1,0,0,0
2019-10-06,227,0.031,0.656,0.257,0.055,28.442857142857143,8.885714285714284,3.057142857142857,34.3,47.2,22.9,31.0,0.6597348780741339,0,0,0,0,0,0,0,0,1,0,0
2019-10-13,239,0.058,0.563,0.332,0.047,27.67142857142857,8.957142857142857,2.2857142857142856,33.9,51.8,22.9,30.0,0.679750930177253,0,0,0,0,0,0,0,0,1,0,0
2019-10-20,241,0.058,0.563,0.332,0.047,28.32857142857143,7.928571428571429,1.8,33.8,38.2,23.6,36.0,0.6794349746068544,0,0,0,0,0,0,0,0,1,0,0
2019-10-27,306,0.058,0.563,0.332,0.047,28.87142857142857,8.7,1.1428571428571428,34.4,48.6,26.0,32.0,0.6793590351971567,0,0,0,0,0,0,0,0,1,0,0
2019-11-03,321,0.058,0.563,0.332,0.047,27.77142857142857,6.371428571428572,18.057142857142857,33.3,36.4,23.1,30.0,0.6790086530287631,0,0,0,0,0,0,0,0,0,1,0
2019-11-10,372,0.027,0.576,0.299,0.098,28.1,6.628571428571428,4.285714285714286,33.4,45.4,22.9,37.0,0.6822052560170419,0,0,0,0,0,0,0,0,0,1,0
2019-11-17,328,0.027,0.576,0.299,0.098,28.77142857142857,7.042857142857143,0.7714285714285714,33.7,39.2,24.0,40.0,0.6815449122076722,0,0,0,0,0,0,0,0,0,1,0
2019-11-24,295,0.027,0.576,0.299,0.098,28.428571428571427,6.957142857142857,0.1714285714285714,34.4,37.4,24.7,34.0,0.6809856994505233,0,0,0,0,0,0,0,0,0,1,0
2019-12-01,280,0.027,0.576,0.299,0.098,26.985714285714288,6.9,3.2,34.0,33.5,24.2,35.0,0.6805411379600707,0,0,0,0,0,0,0,0,0,0,1
2019-12-08,257,0.049,0.451,0.407,0.093,27.714285714285715,7.357142857142857,13.371428571428572,33.0,34.9,24.0,30.0,0.7083311709765246,0,0,0,0,0,0,0,0,0,0,1
2019-12-15,226,0.049,0.451,0.407,0.093,27.47142857142857,12.0,8.971428571428572,31.9,42.8,23.9,29.0,0.7079585422605742,0,0,0,0,0,0,0,0,0,0,1
2019-12-22,290,0.049,0.451,0.407,0.093,24.914285714285715,7.471428571428571,43.4,31.1,41.8,22.7,32.0,0.707944083406911,0,0,0,0,0,0,0,0,0,0,1
2019-12-29,302,0.049,0.451,0.407,0.093,26.5,7.6571428571428575,7.442857142857142,31.1,37.4,23.2,33.0,0.7076884851693781,0,0,0,0,0,0,0,0,0,0,1
2020-01-05,342,0.003,0.423,0.343,0.231,27.542857142857144,11.314285714285717,0.3999999999999999,31.7,37.1,24.7,29.0,0.7288490499779908,0,0,0,0,0,0,0,0,0,0,0
2020-01-12,402,0.089,0.397,0.467,0.048,27.81428571428572,12.12857142857143,0.0,32.2,43.2,25.1,37.0,0.7145065626613284,0,0,0,0,0,0,0,0,0,0,0
2020-01-19,307,0.089,0.397,0.467,0.048,27.15714285714285,9.828571428571427,2.6,32.3,40.7,23.8,42.0,0.7137356175274036,0,0,0,0,0,0,0,0,0,0,0
2020-01-26,370,0.089,0.397,0.467,0.048,27.97142857142857,12.171428571428573,0.0,32.8,36.7,24.6,32.0,0.7135985232183244,0,0,0,0,0,0,0,0,0,0,0
2020-02-02,400,0.089,0.397,0.467,0.048,27.97142857142857,13.585714285714284,2.0285714285714285,32.8,38.5,24.3,34.0,0.7132815202704629,1,0,0,0,0,0,0,0,0,0,0
2020-02-09,378,0.177,0.269,0.474,0.081,27.9,12.94285714285714,8.0,32.6,40.3,23.8,29.0,0.7395115079787041,1,0,0,0,0,0,0,0,0,0,0
2020-02-16,380,0.177,0.269,0.474,0.081,27.61428571428572,11.728571428571428,2.085714285714286,32.3,41.0,23.7,49.0,0.7392050864074066,1,0,0,0,0,0,0,0,0,0,0
2020-02-23,373,0.177,0.269,0.474,0.081,27.87142857142857,10.228571428571428,3.4,32.8,35.3,24.2,53.0,0.7388754525429574,1,0,0,0,0,0,0,0,0,0,0
2020-03-01,375,0.177,0.269,0.474,0.081,27.82857142857143,14.3,3.142857142857143,33.1,46.4,24.1,38.0,0.7385791005869692,0,1,0,0,0,0,0,0,0,0,0
2020-03-08,389,0.134,0.316,0.43,0.12,28.085714285714285,13.928571428571429,0.6571428571428571,32.7,45.7,25.1,39.0,0.7331959547698018,0,1,0,0,0,0,0,0,0,0,0
2020-03-15,367,0.134,0.316,0.43,0.12,28.27142857142857,10.085714285714284,5.714285714285714,33.9,36.7,24.3,36.0,0.7329158178932846,0,1,0,0,0,0,0,0,0,0,0
2020-03-22,377,0.134,0.316,0.43,0.12,29.0,11.0,0.0,34.0,39.6,25.2,34.0,0.7327426052674184,0,1,0,0,0,0,0,0,0,0,0
2020-03-29,315,0.134,0.316,0.43,0.12,28.47142857142857,11.328571428571427,6.971428571428571,33.7,44.6,24.4,42.0,0.7323556295558181,0,1,0,0,0,0,0,0,0,0,0
2020-04-05,341,0.134,0.316,0.43,0.12,28.6,9.971428571428572,2.857142857142857,33.6,37.1,24.1,32.0,0.7322620485697218,0,0,1,0,0,0,0,0,0,0,0
2020-04-12,360,0.06,0.393,0.426,0.121,29.12857142857143,9.771428571428572,8.142857142857142,34.6,42.6,24.0,30.0,0.7193895217887438,0,0,1,0,0,0,0,0,0,0,0
2020-04-19,399,0.06,0.393,0.426,0.121,28.52857142857143,8.285714285714286,3.942857142857143,33.2,37.0,23.8,28.0,0.7192241589968551,0,0,1,0,0,0,0,0,0,0,0
2020-04-26,390,0.06,0.393,0.426,0.121,29.585714285714285,10.014285714285716,0.0,33.9,37.0,26.4,41.0,0.7188805523718589,0,0,1,0,0,0,0,0,0,0,0
2020-05-03,502,0.06,0.393,0.426,0.121,28.857142857142858,7.714285714285714,1.5714285714285714,34.3,33.3,25.1,35.0,0.7189149781486928,0,0,0,1,0,0,0,0,0,0,0
2020-05-10,524,0.054,0.534,0.294,0.118,27.8,5.828571428571428,16.54285714285714,33.1,35.2,24.4,38.0,0.6880736788986708,0,0,0,1,0,0,0,0,0,0,0
2020-05-17,618,0.054,0.534,0.294,0.118,29.0,7.8,15.028571428571428,34.5,42.6,23.6,48.0,0.6879586867541628,0,0,0,1,0,0,0,0,0,0,0
2020-05-24,731,0.054,0.534,0.294,0.118,29.12857142857143,9.128571428571428,10.285714285714286,32.8,46.3,24.6,45.0,0.6878322958208047,0,0,0,1,0,0,0,0,0,0,0
2020-05-31,868,0.054,0.534,0.294,0.118,28.857142857142858,6.171428571428572,4.542857142857143,34.0,33.3,24.9,46.0,0.6876993316520634,0,0,0,1,0,0,0,0,0,0,0
2020-06-07,1151,0.054,0.534,0.294,0.118,29.17142857142857,7.242857142857142,3.314285714285714,33.5,37.0,23.8,61.0,0.687927241975515,0,0,0,0,1,0,0,0,0,0,0
2020-06-14,1369,0.042,0.49,0.362,0.106,28.11428571428572,7.085714285714286,14.342857142857143,33.0,35.2,24.0,75.0,0.6964393346474649,0,0,0,0,1,0,0,0,0,0,0
2020-06-21,1460,0.042,0.49,0.362,0.106,28.585714285714285,8.819275041667073,4.571428571428571,33.0,50.0,24.2,86.0,0.6956099617873823,0,0,0,0,1,0,0,0,0,0,0
2020-06-28,1444,0.042,0.49,0.362,0.106,27.642857142857142,6.228571428571429,6.942857142857142,32.3,37.0,23.7,94.0,0.6944137959541051,0,0,0,0,1,0,0,0,0,0,0
2020-07-05,1665,0.042,0.49,0.362,0.106,27.885714285714283,9.414285714285716,6.342857142857143,32.0,42.6,23.7,87.0,0.6939653276814868,0,0,0,0,0,1,0,0,0,0,0
2020-07-12,1725,0.034,0.44,0.406,0.121,28.842857142857145,11.428571428571429,1.4857142857142858,32.4,35.2,24.6,76.0,0.7059235792040945,0,0,0,0,0,1,0,0,0,0,0
2020-07-19,1791,0.034,0.44,0.406,0.121,27.65714285714285,7.685714285714285,3.3142857142857145,32.1,37.0,24.5,89.0,0.7048261570465125,0,0,0,0,0,1,0,0,0,0,0
2020-07-26,1376,0.034,0.44,0.406,0.121,27.74285714285714,7.6,2.457142857142857,32.2,35.2,24.9,100.0,0.7023931667987839,0,0,0,0,0,1,0,0,0,0,0
2020-08-02,1667,0.034,0.44,0.406,0.121,28.071428571428573,9.171428571428573,7.8,32.5,53.7,23.7,89.0,0.7022375515673409,0,0,0,0,0,0,1,0,0,0,0
2020-08-09,1336,0.026,0.48,0.393,0.1,27.942857142857143,8.9,6.257142857142857,31.7,42.6,23.9,87.0,0.6879933561693906,0,0,0,0,0,0,1,0,0,0,0
2020-08-16,1285,0.026,0.48,0.393,0.1,29.11428571428572,10.314285714285717,0.6857142857142857,32.9,44.4,24.1,73.0,0.6868470931503385,0,0,0,0,0,0,1,0,0,0,0
2020-08-23,1153,0.026,0.48,0.393,0.1,28.185714285714287,8.371428571428572,6.914285714285716,33.0,40.7,22.5,68.0,0.6855387787895256,0,0,0,0,0,0,1,0,0,0,0
2020-08-30,937,0.026,0.48,0.393,0.1,27.67142857142857,8.357142857142858,5.371428571428571,33.0,48.2,23.0,65.0,0.684121675549924,0,0,0,0,0,0,1,0,0,0,0
2020-09-06,725,0.026,0.48,0.393,0.1,27.928571428571427,9.2,1.8,32.4,51.9,24.0,56.0,0.6828844835002343,0,0,0,0,0,0,0,1,0,0,0
2020-09-13,671,0.004,0.522,0.347,0.127,27.585714285714285,8.014285714285714,8.657142857142857,32.2,40.7,22.8,46.0,0.6777400458211618,0,0,0,0,0,0,0,1,0,0,0
2020-09-20,590,0.004,0.522,0.347,0.127,27.4,7.985714285714286,4.057142857142857,32.2,57.4,22.7,47.0,0.6770160249232386,0,0,0,0,0,0,0,1,0,0,0
2020-09-27,605,0.004,0.522,0.347,0.127,27.75714285714286,8.942857142857143,3.3714285714285714,33.2,46.3,21.9,37.0,0.6766223097071462,0,0,0,0,0,0,0,1,0,0,0
2020-10-04,528,0.004,0.522,0.347,0.127,27.457142857142856,7.185714285714285,5.0,32.9,55.6,23.6,42.0,0.6759679229307813,0,0,0,0,0,0,0,0,1,0,0
2020-10-11,591,0.007,0.556,0.275,0.162,27.842857142857145,7.571428571428571,1.0571428571428572,32.6,44.4,24.4,36.0,0.6737994572106436,0,0,0,0,0,0,0,0,1,0,0
2020-10-18,563,0.007,0.556,0.275,0.162,28.2,7.214285714285714,3.857142857142857,33.2,42.6,23.2,38.0,0.6732963371053493,0,0,0,0,0,0,0,0,1,0,0
2020-10-25,440,0.007,0.556,0.275,0.162,28.81428571428572,8.914285714285715,0.9142857142857144,33.6,42.6,24.6,32.0,0.672559932486293,0,0,0,0,0,0,0,0,1,0,0
2020-11-01,408,0.007,0.556,0.275,0.162,28.25714285714286,6.7,3.1142857142857143,33.7,44.4,22.2,31.0,0.6721629722936457,0,0,0,0,0,0,0,0,0,1,0
2020-11-08,354,0.0,0.512,0.266,0.222,28.11428571428572,6.514285714285714,2.685714285714286,34.1,35.2,24.5,23.0,0.6880208438504124,0,0,0,0,0,0,0,0,0,1,0
2020-11-15,258,0.0,0.512,0.266,0.222,27.014285714285712,6.042857142857143,16.82857142857143,32.7,40.7,23.3,30.0,0.6875651043378255,0,0,0,0,0,0,0,0,0,1,0
2020-11-22,279,0.0,0.512,0.266,0.222,27.914285714285715,8.385714285714286,5.485714285714286,33.3,38.9,24.4,30.0,0.6874701962400293,0,0,0,0,0,0,0,0,0,1,0
2020-11-29,228,0.0,0.512,0.266,0.222,27.357142857142858,6.614285714285714,5.057142857142857,33.4,38.9,23.8,27.0,0.6871765627697828,0,0,0,0,0,0,0,0,0,1,0
2020-12-06,227,0.0,0.512,0.266,0.222,26.61428571428572,6.1000000000000005,2.4571428571428577,31.0,29.6,23.7,25.0,0.6870404723819941,0,0,0,0,0,0,0,0,0,0,1
2020-12-13,236,0.003,0.423,0.343,0.231,27.357142857142858,11.771428571428572,4.942857142857143,33.5,37.0,24.3,25.0,0.7058064770499579,0,0,0,0,0,0,0,0,0,0,1
2020-12-20,196,0.003,0.423,0.343,0.231,27.185714285714287,11.1,20.285714285714285,32.8,42.6,23.0,22.0,0.7055992133170782,0,0,0,0,0,0,0,0,0,0,1
2020-12-27,193,0.003,0.423,0.343,0.231,26.457142857142856,6.328571428571428,7.771428571428571,31.9,31.5,23.0,24.0,0.7055031236545412,0,0,0,0,0,0,0,0,0,0,1
2021-01-03,194,0.003,0.423,0.343,0.231,27.485714285714288,7.8,4.4,32.7,31.5,23.9,20.0,0.7054160588427859,0,0,0,0,0,0,0,0,0,0,0
2021-01-10,165,0.0,0.538,0.217,0.245,25.97142857142857,8.6,50.54285714285714,31.8,44.4,21.7,19.0,0.6842922409794441,0,0,0,0,0,0,0,0,0,0,0
2021-01-17,151,0.0,0.538,0.217,0.245,25.31428571428572,7.428571428571429,40.08571428571429,31.6,37.0,22.9,20.0,0.6841460920730691,0,0,0,0,0,0,0,0,0,0,0
2021-01-24,135,0.0,0.538,0.217,0.245,26.214285714285715,11.985714285714286,2.4857142857142853,30.5,42.6,23.3,20.0,0.684005498016468,0,0,0,0,0,0,0,0,0,0,0
2021-01-31,141,0.0,0.538,0.217,0.245,26.414285714285715,11.157142857142857,4.628571428571428,31.2,48.2,23.0,22.0,0.6839310691112854,0,0,0,0,0,0,0,0,0,0,0
2021-02-07,142,0.0,0.538,0.217,0.245,26.885714285714283,11.357142857142858,1.6857142857142855,31.6,40.7,23.1,19.0,0.6838386538238718,1,0,0,0,0,0,0,0,0,0,0
2021-02-14,148,0.0,0.371,0.487,0.143,27.071428571428573,12.94285714285714,0.0,32.7,40.7,23.7,20.0,0.7043744855720744,1,0,0,0,0,0,0,0,0,0,0
2021-02-21,145,0.0,0.371,0.487,0.143,27.514285714285712,13.44285714285714,0.1428571428571428,32.2,37.0,24.7,18.0,0.7042484314009949,1,0,0,0,0,0,0,0,0,0,0
2021-02-28,139,0.0,0.371,0.487,0.143,27.0,15.685714285714283,0.0,31.9,42.6,24.1,20.0,0.7041151561702058,1,0,0,0,0,0,0,0,0,0,0
2021-03-07,145,0.0,0.371,0.487,0.143,27.5,10.857142857142858,0.0,33.7,37.0,24.0,26.0,0.7040157605492144,0,1,0,0,0,0,0,0,0,0,0
2021-03-14,129,0.005,0.302,0.36,0.333,28.24285714285714,12.457142857142856,5.2,34.2,40.7,23.0,27.0,0.7414985881996259,0,1,0,0,0,0,0,0,0,0,0
2021-03-21,120,0.005,0.302,0.36,0.333,27.857142857142858,10.885714285714286,2.257142857142857,33.3,40.7,23.7,20.0,0.7414040843836687,0,1,0,0,0,0,0,0,0,0,0
2021-03-28,113,0.005,0.302,0.36,0.333,28.12857142857143,9.4,3.142857142857143,33.5,35.2,24.0,20.0,0.7413192872065315,0,1,0,0,0,0,0,0,0,0,0
2021-04-04,102,0.005,0.302,0.36,0.333,27.47142857142857,8.3,7.714285714285714,33.5,48.2,24.1,21.0,0.7412277053510401,0,0,1,0,0,0,0,0,0,0,0
2021-04-11,112,0.0,0.412,0.412,0.175,28.214285714285715,6.328571428571428,15.657142857142857,34.7,37.0,23.3,21.0,0.6983458917339418,0,0,1,0,0,0,0,0,0,0,0
2021-04-18,128,0.0,0.412,0.412,0.175,28.47142857142857,8.171428571428573,9.571428571428571,33.3,42.6,24.5,23.0,0.6983222733283423,0,0,1,0,0,0,0,0,0,0,0
2021-04-25,84,0.0,0.412,0.412,0.175,27.728571428571428,6.185714285714285,16.4,32.7,31.5,23.1,26.0,0.6981423215715888,0,0,1,0,0,0,0,0,0,0,0
2021-05-02,117,0.0,0.412,0.412,0.175,28.285714285714285,6.185714285714285,6.114285714285714,33.1,35.2,23.5,27.0,0.6981724830506646,0,0,0,1,0,0,0,0,0,0,0
2021-05-09,92,0.0,0.385,0.526,0.09,28.557142857142857,7.742857142857143,1.5142857142857145,33.4,38.9,25.1,27.0,0.6937401283675245,0,0,0,1,0,0,0,0,0,0,0
2021-05-16,116,0.0,0.385,0.526,0.09,28.428571428571427,6.028571428571429,4.314285714285714,33.5,35.2,24.3,21.0,0.6937094894076394,0,0,0,1,0,0,0,0,0,0,0
2021-05-23,129,0.0,0.385,0.526,0.09,28.81428571428572,6.971428571428571,13.599999999999998,33.6,38.9,24.7,22.0,0.6936235629115806,0,0,0,1,0,0,0,0,0,0,0
2021-05-30,118,0.0,0.385,0.526,0.09,28.085714285714285,6.085714285714286,12.028571428571428,32.6,35.2,22.9,23.0,0.6934640489902324,0,0,0,1,0,0,0,0,0,0,0
2021-06-06,137,0.0,0.385,0.526,0.09,29.342857142857145,8.77142857142857,5.142857142857143,33.5,40.7,24.7,28.0,0.6933933740727106,0,0,0,0,1,0,0,0,0,0,0
2021-06-13,135,0.0,0.264,0.611,0.125,29.52857142857143,8.528571428571428,0.3142857142857142,33.7,46.3,26.6,23.0,0.7203522822193549,0,0,0,0,1,0,0,0,0,0,0
2021-06-20,126,0.0,0.264,0.611,0.125,28.75714285714286,7.871428571428572,3.314285714285714,32.9,46.3,23.6,27.0,0.7201398057757901,0,0,0,0,1,0,0,0,0,0,0
2021-06-27,112,0.0,0.264,0.611,0.125,27.985714285714288,6.042857142857143,3.885714285714286,33.0,42.6,23.4,22.0,0.7199281668186,0,0,0,0,1,0,0,0,0,0,0
2021-07-04,104,0.0,0.264,0.611,0.125,28.12857142857143,5.714285714285714,3.6,33.6,33.3,24.0,24.0,0.7197513209138245,0,0,0,0,0,1,0,0,0,0,0
2021-07-11,75,0.012,0.193,0.723,0.072,28.12857142857143,6.828571428571428,6.6000000000000005,33.0,51.9,23.5,21.0,0.7265590490303311,0,0,0,0,0,1,0,0,0,0,0
2021-07-18,80,0.012,0.193,0.723,0.072,28.057142857142857,7.128571428571428,4.942857142857143,32.5,51.9,23.4,25.0,0.7263972125726763,0,0,0,0,0,1,0,0,0,0,0
2021-07-25,82,0.012,0.193,0.723,0.072,27.928571428571427,9.271428571428572,16.942857142857143,32.8,37.0,23.2,25.0,0.7262147324372322,0,0,0,0,0,1,0,0,0,0,0
2021-08-01,70,0.012,0.193,0.723,0.072,29.385714285714283,9.714285714285714,0.3428571428571429,33.2,46.3,25.9,17.0,0.7259989217403793,0,0,0,0,0,0,1,0,0,0,0
2021-08-08,79,0.0,0.294,0.676,0.029,29.27142857142857,9.957142857142856,4.285714285714286,33.4,44.4,23.1,19.0,0.6996964910066793,0,0,0,0,0,0,1,0,0,0,0
2021-08-15,56,0.0,0.294,0.676,0.029,28.27142857142857,8.528571428571428,1.5714285714285714,32.9,50.0,23.2,20.0,0.6994899831131889,0,0,0,0,0,0,1,0,0,0,0
2021-08-22,53,0.0,0.294,0.676,0.029,28.37142857142857,8.085714285714285,4.057142857142857,32.6,57.4,23.6,19.0,0.699373755656587,0,0,0,0,0,0,1,0,0,0,0
2021-08-29,46,0.0,0.294,0.676,0.029,26.857142857142858,6.700000000000001,17.885714285714286,32.3,55.6,21.9,19.0,0.6992516784754448,0,0,0,0,0,0,1,0,0,0,0
2021-09-05,60,0.0,0.294,0.676,0.029,27.142857142857142,8.671428571428573,7.142857142857143,31.8,51.9,23.7,23.0,0.6991949832540885,0,0,0,0,0,0,0,1,0,0,0
2021-09-12,74,0.0,0.056,0.921,0.024,27.442857142857143,8.428571428571429,18.228571428571428,32.3,42.6,22.9,20.0,0.7443752580757265,0,0,0,0,0,0,0,1,0,0,0
2021-09-19,109,0.0,0.056,0.921,0.024,28.357142857142858,7.771428571428571,6.628571428571428,32.9,50.0,22.5,21.0,0.7440973864856434,0,0,0,0,0,0,0,1,0,0,0
2021-09-26,105,0.0,0.056,0.921,0.024,28.47142857142857,9.814285714285717,0.5428571428571428,32.8,44.4,25.4,17.0,0.7435764670673386,0,0,0,0,0,0,0,1,0,0,0
2021-10-03,104,0.0,0.056,0.921,0.024,28.957142857142856,8.328571428571427,4.628571428571428,33.3,44.4,23.5,21.0,0.7430763125677874,0,0,0,0,0,0,0,0,1,0,0
2021-10-10,85,0.008,0.053,0.939,0.0,27.31428571428572,6.042857142857143,16.257142857142856,33.0,44.4,23.4,22.0,0.7394705334343228,0,0,0,0,0,0,0,0,1,0,0
2021-10-17,76,0.008,0.053,0.939,0.0,29.2,8.571428571428571,5.057142857142857,33.8,40.7,23.2,21.0,0.7390295590352602,0,0,0,0,0,0,0,0,1,0,0
2021-10-24,75,0.008,0.053,0.939,0.0,29.428571428571427,8.142857142857142,1.0285714285714287,33.2,38.9,25.6,22.0,0.7386544592126174,0,0,0,0,0,0,0,0,1,0,0
2021-10-31,59,0.008,0.053,0.939,0.0,27.52857142857143,6.242857142857143,6.628571428571428,33.3,40.7,23.5,16.0,0.738254064503393,0,0,0,0,0,0,0,0,1,0,0
2021-11-07,42,0.008,0.053,0.939,0.0,28.25714285714286,6.814285714285714,4.0,33.1,38.9,24.7,18.0,0.7379307963028516,0,0,0,0,0,0,0,0,0,1,0
2021-11-14,56,0.0,0.102,0.898,0.0,26.985714285714288,5.114285714285715,15.485714285714286,32.7,35.2,24.1,17.0,0.7284385722365037,0,0,0,0,0,0,0,0,0,1,0
2021-11-21,63,0.0,0.102,0.898,0.0,27.4,6.057142857142857,6.485714285714286,33.4,38.9,23.6,17.0,0.7282137941760675,0,0,0,0,0,0,0,0,0,1,0
2021-11-28,48,0.0,0.102,0.898,0.0,27.74285714285714,5.757142857142857,9.771428571428572,33.2,44.4,23.4,22.0,0.7279072365021274,0,0,0,0,0,0,0,0,0,1,0
2021-12-05,64,0.0,0.102,0.898,0.0,27.585714285714285,5.457142857142857,12.885714285714286,33.0,44.4,22.8,14.0,0.7277355815257593,0,0,0,0,0,0,0,0,0,0,1
2021-12-12,61,0.0,0.094,0.896,0.01,28.214285714285715,7.514285714285713,2.0857142857142854,33.9,40.7,22.9,16.0,0.7303032802219329,0,0,0,0,0,0,0,0,0,0,1
2021-12-19,68,0.0,0.094,0.896,0.01,27.6,9.585714285714284,2.085714285714286,32.0,44.4,25.1,18.0,0.7300543574149514,0,0,0,0,0,0,0,0,0,0,1
2021-12-26,76,0.0,0.094,0.896,0.01,27.728571428571428,7.514285714285714,10.314285714285717,33.3,44.4,23.9,13.0,0.729780327329985,0,0,0,0,0,0,0,0,0,0,1
2022-01-02,106,0.0,0.094,0.896,0.01,27.785714285714285,8.485714285714286,1.5142857142857145,32.4,35.2,24.9,15.0,0.7295204191800553,0,0,0,0,0,0,0,0,0,0,0
2022-01-09,146,0.009,0.393,0.598,0.0,26.914285714285715,7.985714285714286,11.828571428571427,32.5,35.2,23.2,18.0,0.6755539843689737,0,0,0,0,0,0,0,0,0,0,0
2022-01-16,178,0.009,0.393,0.598,0.0,27.428571428571427,8.814285714285715,1.6857142857142855,32.3,38.9,23.5,18.0,0.6754227231840342,0,0,0,0,0,0,0,0,0,0,0
2022-01-23,169,0.009,0.393,0.598,0.0,27.557142857142857,11.842857142857143,0.0,31.9,38.9,24.2,20.0,0.6751393894037712,0,0,0,0,0,0,0,0,0,0,0
2022-01-30,153,0.009,0.393,0.598,0.0,27.514285714285712,10.94285714285714,1.2857142857142858,32.6,42.6,24.1,22.0,0.6748517824716129,0,0,0,0,0,0,0,0,0,0,0
2022-02-06,168,0.009,0.393,0.598,0.0,27.87142857142857,9.885714285714286,0.5428571428571428,33.1,35.2,24.7,21.0,0.6746685371780766,1,0,0,0,0,0,0,0,0,0,0
2022-02-13,206,0.004,0.357,0.626,0.013,28.057142857142857,11.314285714285717,3.085714285714286,33.6,46.3,24.2,25.0,0.6823664804179276,1,0,0,0,0,0,0,0,0,0,0
2022-02-20,200,0.004,0.357,0.626,0.013,26.342857142857145,7.2,10.857142857142858,32.2,31.5,23.3,20.0,0.6820251816031564,1,0,0,0,0,0,0,0,0,0,0
2022-02-27,263,0.004,0.357,0.626,0.013,27.62857142857143,8.985714285714286,4.971428571428571,32.9,35.2,22.6,20.0,0.6818691608751425,1,0,0,0,0,0,0,0,0,0,0
2022-03-06,369,0.004,0.357,0.626,0.013,27.17142857142857,9.214285714285714,6.085714285714286,32.6,35.2,23.2,25.0,0.6817175670975423,0,1,0,0,0,0,0,0,0,0,0
2022-03-13,421,0.004,0.134,0.862,0.0,27.61428571428572,8.442857142857143,3.4285714285714284,33.7,37.0,23.4,24.0,0.7168692122857775,0,1,0,0,0,0,0,0,0,0,0
2022-03-20,441,0.004,0.134,0.862,0.0,28.11428571428572,9.542857142857144,0.9142857142857144,33.8,40.7,24.7,30.0,0.715359117130426,0,1,0,0,0,0,0,0,0,0,0
2022-03-27,510,0.004,0.134,0.862,0.0,28.0,7.357142857142857,5.8,33.5,38.9,23.8,30.0,0.713895328577726,0,1,0,0,0,0,0,0,0,0,0
2022-04-03,642,0.004,0.134,0.862,0.0,28.5,7.557142857142857,7.714285714285714,34.2,37.0,23.0,30.0,0.7123284118757476,0,0,1,0,0,0,0,0,0,0,0
2022-04-10,733,0.001,0.1,0.893,0.006,28.17142857142857,6.171428571428572,7.114285714285715,34.0,48.2,24.0,29.0,0.7160886089693115,0,0,1,0,0,0,0,0,0,0,0
2022-04-17,942,0.001,0.1,0.893,0.006,27.342857142857145,6.071428571428571,3.057142857142857,33.3,40.7,23.5,40.0,0.7136341176738911,0,0,1,0,0,0,0,0,0,0,0
2022-04-24,1002,0.001,0.1,0.893,0.006,28.4,6.057142857142857,15.028571428571428,33.1,57.4,23.6,49.0,0.7100826668574204,0,0,1,0,0,0,0,0,0,0,0
2022-05-01,845,0.001,0.1,0.893,0.006,28.37142857142857,6.857142857142857,7.485714285714286,33.5,40.7,23.1,60.0,0.7058769947190439,0,0,0,1,0,0,0,0,0,0,0
2022-05-08,1311,0.002,0.127,0.865,0.006,28.442857142857143,5.771428571428571,7.0,33.3,29.6,24.9,51.0,0.7004236382791689,0,0,0,1,0,0,0,0,0,0,0
2022-05-15,1273,0.002,0.127,0.865,0.006,28.7,8.185714285714285,1.6,33.3,44.4,24.7,55.0,0.6958850716759036,0,0,0,1,0,0,0,0,0,0,0
2022-05-22,1563,0.002,0.127,0.865,0.006,29.485714285714288,9.242857142857144,1.6285714285714286,34.8,38.9,25.0,71.0,0.6922871988508846,0,0,0,1,0,0,0,0,0,0,0
2022-05-29,1451,0.002,0.127,0.865,0.006,28.942857142857143,7.057142857142857,4.257142857142857,33.5,51.9,23.5,60.0,0.6869333245017113,0,0,0,1,0,0,0,0,0,0,0
2022-06-05,1459,0.002,0.127,0.865,0.006,29.31428571428572,6.885714285714286,7.085714285714286,35.4,33.3,23.8,61.0,0.6823150840272546,0,0,0,0,1,0,0,0,0,0,0
2022-06-12,1253,0.005,0.122,0.856,0.018,28.81428571428572,6.728571428571429,10.485714285714286,34.5,42.6,23.6,65.0,0.6814535179943912,0,0,0,0,1,0,0,0,0,0,0
2022-06-19,1171,0.005,0.122,0.856,0.018,27.81428571428572,5.671428571428572,10.771428571428572,33.6,38.9,22.9,63.0,0.6775315586503279,0,0,0,0,1,0,0,0,0,0,0
2022-06-26,1186,0.005,0.122,0.856,0.018,27.9,5.742857142857143,1.1142857142857143,31.9,37.0,23.9,62.0,0.6741351969256829,0,0,0,0,1,0,0,0,0,0,0
2022-07-03,1164,0.005,0.122,0.856,0.018,27.542857142857144,6.685714285714285,6.314285714285715,31.9,35.2,23.5,64.0,0.6706663611377203,0,0,0,0,0,1,0,0,0,0,0
2022-07-10,918,0.01,0.102,0.848,0.04,28.62857142857143,7.742857142857143,2.1142857142857143,32.4,44.4,23.9,62.0,0.6733496487715873,0,0,0,0,0,1,0,0,0,0,0
2022-07-17,1035,0.01,0.102,0.848,0.04,28.542857142857144,7.171428571428572,3.6571428571428575,32.5,42.6,24.4,51.0,0.6711002341642082,0,0,0,0,0,1,0,0,0,0,0
2022-07-24,1092,0.01,0.102,0.848,0.04,29.071428571428573,9.357142857142858,4.057142857142858,32.9,38.9,23.6,51.0,0.6684304088994829,0,0,0,0,0,1,0,0,0,0,0
2022-07-31,894,0.01,0.102,0.848,0.04,28.442857142857143,8.557142857142857,6.028571428571429,32.9,42.6,22.2,51.0,0.6650823803984682,0,0,0,0,0,1,0,0,0,0,0
2022-08-07,879,0.01,0.102,0.848,0.04,28.17142857142857,9.785714285714286,6.457142857142857,32.4,48.2,23.9,51.0,0.6627007581500695,0,0,0,0,0,0,1,0,0,0,0
2022-08-14,679,0.024,0.114,0.835,0.027,27.842857142857145,7.3428571428571425,2.457142857142857,32.2,33.3,24.2,44.0,0.6589282808974531,0,0,0,0,0,0,1,0,0,0,0
2022-08-21,661,0.024,0.114,0.835,0.027,29.25714285714286,11.042857142857144,4.628571428571428,33.2,44.4,24.0,40.0,0.6572350664256483,0,0,0,0,0,0,1,0,0,0,0
2022-08-28,577,0.024,0.114,0.835,0.027,28.385714285714283,9.314285714285717,4.2,32.6,53.7,24.0,35.0,0.6554505657491552,0,0,0,0,0,0,1,0,0,0,0
2022-09-04,569,0.024,0.114,0.835,0.027,27.357142857142858,7.542857142857143,7.8,31.9,38.9,23.7,47.0,0.6540500388922107,0,0,0,0,0,0,0,1,0,0,0
2022-09-11,545,0.043,0.145,0.782,0.031,27.828571428571426,6.671428571428571,1.5428571428571427,32.5,35.2,24.7,39.0,0.6574632501873013,0,0,0,0,0,0,0,1,0,0,0
2022-09-18,472,0.043,0.145,0.782,0.031,27.885714285714283,7.685714285714285,1.342857142857143,32.4,42.6,24.8,40.0,0.6562712692243501,0,0,0,0,0,0,0,1,0,0,0
2022-09-25,426,0.043,0.145,0.782,0.031,27.67142857142857,8.171428571428573,3.9142857142857146,31.9,51.9,23.5,35.0,0.6552833106797784,0,0,0,0,0,0,0,1,0,0,0
2022-10-02,398,0.043,0.145,0.782,0.031,27.77142857142857,6.785714285714286,7.285714285714286,32.0,42.6,22.7,33.0,0.6544262191061363,0,0,0,0,0,0,0,0,1,0,0
2022-10-09,376,0.065,0.177,0.727,0.031,28.17142857142857,6.914285714285714,8.342857142857143,32.9,42.4,22.4,37.0,0.6570290926852099,0,0,0,0,0,0,0,0,1,0,0
2022-10-16,373,0.065,0.177,0.727,0.031,26.928571428571427,5.314285714285715,6.0,32.5,38.9,23.8,38.0,0.6564881408409289,0,0,0,0,0,0,0,0,1,0,0
2022-10-23,313,0.065,0.177,0.727,0.031,27.842857142857145,6.514285714285714,6.2,33.4,40.4,23.5,35.0,0.6558280648667193,0,0,0,0,0,0,0,0,1,0,0
2022-10-30,318,0.065,0.177,0.727,0.031,27.81428571428572,6.057142857142857,8.77142857142857,33.0,31.7,23.1,34.0,0.6553958517150704,0,0,0,0,0,0,0,0,1,0,0
2022-11-06,294,0.065,0.177,0.727,0.031,27.61428571428572,7.247846470238501,12.257142857142856,34.6,37.8,23.1,29.0,0.6548971373575471,0,0,0,0,0,0,0,0,0,1,0
2022-11-13,313,0.068,0.113,0.788,0.031,27.27142857142857,6.942857142857143,9.085714285714284,32.8,51.9,22.4,26.0,0.6556747022822194,0,0,0,0,0,0,0,0,0,1,0
2022-11-20,267,0.068,0.113,0.788,0.031,26.557142857142857,6.6000000000000005,18.97142857142857,31.9,40.7,23.1,28.0,0.6549860657449691,0,0,0,0,0,0,0,0,0,1,0
2022-11-27,242,0.068,0.113,0.788,0.031,27.571428571428573,6.771428571428571,6.114285714285714,33.3,40.7,23.5,29.0,0.6544351565692825,0,0,0,0,0,0,0,0,0,1,0
2022-12-04,326,0.068,0.113,0.788,0.031,28.085714285714285,7.028571428571429,5.485714285714286,33.9,46.3,23.2,22.0,0.654167761961114,0,0,0,0,0,0,0,0,0,0,1
2022-12-11,289,0.214,0.108,0.623,0.055,27.057142857142857,6.9,13.828571428571427,32.9,35.2,22.8,27.0,0.690919086056758,0,0,0,0,0,0,0,0,0,0,1
2022-12-18,272,0.214,0.108,0.623,0.055,26.8,6.357142857142857,9.37142857142857,32.7,35.2,23.9,30.0,0.6906316633030889,0,0,0,0,0,0,0,0,0,0,1
2022-12-25,285,0.214,0.108,0.623,0.055,26.414285714285715,8.628571428571428,11.685714285714283,32.2,42.6,23.9,24.0,0.6904208180334005,0,0,0,0,0,0,0,0,0,0,1
2023-01-01,279,0.214,0.108,0.623,0.055,26.685714285714287,10.214285714285714,1.4571428571428573,31.7,40.7,23.4,28.0,0.6901580638128223,0,0,0,0,0,0,0,0,0,0,0
2023-01-08,278,0.214,0.108,0.623,0.055,27.1,11.457142857142856,2.2857142857142856,31.3,42.6,23.1,27.0,0.689912285354846,0,0,0,0,0,0,0,0,0,0,0
2023-01-15,273,0.214,0.108,0.623,0.055,27.414285714285715,8.685714285714285,1.8,34.2,38.9,23.9,28.0,0.689662886340127,0,0,0,0,0,0,0,0,0,0,0
2023-01-22,186,0.214,0.108,0.623,0.055,27.142857142857142,7.642857142857143,2.2,32.5,46.3,24.2,26.0,0.6892589904427632,0,0,0,0,0,0,0,0,0,0,0
2023-01-29,223,0.214,0.108,0.623,0.055,27.0,10.642857142857142,7.714285714285714,32.1,44.4,24.2,19.0,0.6891700049259238,0,0,0,0,0,0,0,0,0,0,0
2023-02-05,219,0.214,0.108,0.623,0.055,24.842857142857145,8.828571428571427,28.4,31.3,44.4,22.4,25.0,0.68897004216744,1,0,0,0,0,0,0,0,0,0,0
2023-02-12,148,0.214,0.108,0.623,0.055,26.057142857142857,9.785714285714286,8.17142857142857,31.6,48.2,23.6,25.0,0.6886458664441019,1,0,0,0,0,0,0,0,0,0,0
2023-02-19,138,0.214,0.108,0.623,0.055,27.085714285714285,10.428571428571429,7.828571428571429,31.9,40.7,22.8,23.0,0.6885003455265168,1,0,0,0,0,0,0,0,0,0,0
2023-02-26,111,0.214,0.108,0.623,0.055,27.02857142857143,12.05714285714286,9.142857142857142,32.0,42.6,21.7,26.0,0.6883293053495522,1,0,0,0,0,0,0,0,0,0,0
2023-03-05,119,0.214,0.108,0.623,0.055,27.47142857142857,14.642857142857142,1.9714285714285715,31.5,48.2,24.1,18.0,0.6882505689240049,0,1,0,0,0,0,0,0,0,0,0
