time,dengue_cases,denv_1,denv_2,denv_3,denv_4,Mean Temperature (°C),Mean Wind Speed (km/h),Daily Rainfall Total (mm),Maximum Temperature (°C),Max Wind Speed (km/h),Minimum Temperature (°C),google_trends,Mean Temperature (°C)_lag28,Mean Temperature (°C)_lag51,Mean Wind Speed (km/h)_lag6,Mean Wind Speed (km/h)_lag22,Mean Wind Speed (km/h)_lag47,Maximum Temperature (°C)_lag10,Max Wind Speed (km/h)_lag14,Max Wind Speed (km/h)_lag41,Minimum Temperature (°C)_lag49,dengue_cases_lag_1,dengue_cases_lag_2,dengue_cases_lag_3,s_ratio,month_2,month_3,month_4,month_5,month_6,month_7,month_8,month_9,month_10,month_11,month_12
2018-04-08,38,0.0,0.505,0.484,0.011,28.52857142857143,10.714285714285714,0.7428571428571428,33.8,36.7,25.5,20,,,,,,,,,,,,,0.7254105364560629,0,0,1,0,0,0,0,0,0,0,0
2018-04-15,56,0.0,0.505,0.484,0.011,28.914285714285715,9.828571428571427,2.0571428571428574,34.4,38.2,24.6,18,,,,,,,,,,38.0,,,0.7253672804320647,0,0,1,0,0,0,0,0,0,0,0
2018-04-22,55,0.0,0.505,0.484,0.011,28.142857142857142,7.7,0.3714285714285714,34.3,37.1,25.5,21,,,,,,,,,,56.0,38.0,,0.7251885811884516,0,0,1,0,0,0,0,0,0,0,0
2018-04-29,74,0.0,0.505,0.484,0.011,28.414285714285715,6.842857142857143,4.8,35.0,43.6,22.6,23,,,,,,,,,,55.0,56.0,38.0,0.7250871599107983,0,0,1,0,0,0,0,0,0,0,0
2018-05-06,62,0.029,0.549,0.382,0.039,28.785714285714285,8.328571428571427,3.742857142857143,34.2,44.6,23.6,39,,,,,,,,,,74.0,55.0,56.0,0.7121885291468053,0,0,0,1,0,0,0,0,0,0,0
2018-05-13,63,0.029,0.549,0.382,0.039,29.685714285714287,11.228571428571428,0.1999999999999999,33.8,51.1,26.3,21,,,,,,,,,,62.0,74.0,55.0,0.7120429065944262,0,0,0,1,0,0,0,0,0,0,0
2018-05-20,64,0.029,0.549,0.382,0.039,28.414285714285715,6.471428571428571,1.457142857142857,34.0,36.4,24.6,30,,,10.714285714285714,,,,,,,63.0,62.0,74.0,0.7118937052833786,0,0,0,1,0,0,0,0,0,0,0
2018-05-27,52,0.029,0.549,0.382,0.039,28.31428571428572,6.914285714285714,6.914285714285714,33.1,49.3,24.0,23,,,9.828571428571427,,,,,,,64.0,63.0,62.0,0.7116941711355099,0,0,0,1,0,0,0,0,0,0,0
2018-06-03,75,0.244,0.353,0.328,0.076,27.842857142857145,5.6000000000000005,17.37142857142857,32.9,45.0,22.9,24,,,7.7,,,,,,,52.0,64.0,63.0,0.7234692792772869,0,0,0,0,1,0,0,0,0,0,0
2018-06-10,55,0.244,0.353,0.328,0.076,29.728571428571428,9.55714285714286,0.5999999999999999,33.4,36.4,24.2,22,,,6.842857142857143,,,,,,,75.0,52.0,64.0,0.7233672538015814,0,0,0,0,1,0,0,0,0,0,0
2018-06-17,59,0.244,0.353,0.328,0.076,29.1,9.328571428571427,1.6857142857142855,33.1,42.5,23.6,22,,,8.328571428571427,,,33.8,,,,55.0,75.0,52.0,0.7233715488748034,0,0,0,0,1,0,0,0,0,0,0
2018-06-24,75,0.244,0.353,0.328,0.076,27.74285714285714,8.27142857142857,4.628571428571428,32.2,47.2,23.6,25,,,11.228571428571428,,,34.4,,,,59.0,55.0,75.0,0.7234221139447814,0,0,0,0,1,0,0,0,0,0,0
2018-07-01,56,0.307,0.467,0.173,0.053,27.042857142857144,6.528571428571429,9.285714285714286,31.5,36.4,23.0,24,,,6.471428571428571,,,34.3,,,,75.0,59.0,55.0,0.6887347352179246,0,0,0,0,0,1,0,0,0,0,0
2018-07-08,44,0.307,0.467,0.173,0.053,28.24285714285714,9.985714285714286,9.114285714285714,31.7,41.8,23.1,21,,,6.914285714285714,,,35.0,,,,56.0,75.0,59.0,0.6886536146052537,0,0,0,0,0,1,0,0,0,0,0
2018-07-15,41,0.307,0.467,0.173,0.053,28.25714285714286,10.285714285714286,8.371428571428572,32.3,51.1,21.9,22,,,5.6000000000000005,,,34.2,36.7,,,44.0,56.0,75.0,0.6886123103154489,0,0,0,0,0,1,0,0,0,0,0
2018-07-22,56,0.307,0.467,0.173,0.053,28.914285714285715,11.514285714285714,1.2857142857142858,31.9,40.0,23.5,23,,,9.55714285714286,,,33.8,38.2,,,41.0,44.0,56.0,0.6886598070795239,0,0,0,0,0,1,0,0,0,0,0
2018-07-29,50,0.307,0.467,0.173,0.053,29.0,12.4,0.7428571428571429,33.0,41.0,24.9,25,,,9.328571428571427,,,34.0,37.1,,,56.0,41.0,44.0,0.6886061324747762,0,0,0,0,0,1,0,0,0,0,0
2018-08-05,59,0.355,0.477,0.103,0.065,27.81428571428572,10.028571428571428,5.485714285714286,32.4,40.3,24.0,21,,,8.27142857142857,,,33.1,43.6,,,50.0,56.0,41.0,0.6801529934130038,0,0,0,0,0,0,1,0,0,0,0
2018-08-12,42,0.355,0.477,0.103,0.065,28.571428571428573,10.342857142857143,0.9714285714285714,33.0,40.0,21.9,17,,,6.528571428571429,,,32.9,44.6,,,59.0,50.0,56.0,0.6800328585760858,0,0,0,0,0,0,1,0,0,0,0
2018-08-19,66,0.355,0.477,0.103,0.065,29.25714285714286,14.8,0.5428571428571428,33.0,40.3,24.9,17,,,9.985714285714286,,,33.4,51.1,,,42.0,59.0,50.0,0.6801149391665424,0,0,0,0,0,0,1,0,0,0,0
2018-08-26,75,0.355,0.477,0.103,0.065,28.24285714285714,9.814285714285717,10.171428571428573,33.2,43.2,22.5,19,,,10.285714285714286,,,33.1,36.4,,,66.0,42.0,59.0,0.6801157869796463,0,0,0,0,0,0,1,0,0,0,0
2018-09-02,75,0.488,0.419,0.07,0.023,28.15714285714285,8.585714285714285,1.9714285714285715,32.7,45.0,21.4,19,,,11.514285714285714,,,32.2,49.3,,,75.0,66.0,42.0,0.6698468920538762,0,0,0,0,0,0,0,1,0,0,0
2018-09-09,49,0.488,0.419,0.07,0.023,27.185714285714287,6.228571428571429,13.828571428571433,31.9,42.5,21.8,17,,,12.4,10.714285714285714,,31.5,45.0,,,75.0,75.0,66.0,0.6696256274276545,0,0,0,0,0,0,0,1,0,0,0
2018-09-16,63,0.488,0.419,0.07,0.023,28.11428571428572,9.314285714285717,0.4857142857142857,32.0,37.1,24.8,20,,,10.028571428571428,9.828571428571427,,31.7,36.4,,,49.0,75.0,75.0,0.6696266352408814,0,0,0,0,0,0,0,1,0,0,0
2018-09-23,40,0.488,0.419,0.07,0.023,27.557142857142857,8.385714285714286,5.228571428571429,32.5,37.4,23.7,22,,,10.342857142857143,7.7,,32.3,42.5,,,63.0,49.0,75.0,0.6694368708109009,0,0,0,0,0,0,0,1,0,0,0
2018-09-30,51,0.488,0.419,0.07,0.023,29.15714285714285,12.028571428571428,0.0,33.0,45.4,26.1,19,,,14.8,6.842857142857143,,31.9,47.2,,,40.0,63.0,49.0,0.6694331494979808,0,0,0,0,0,0,0,1,0,0,0
2018-10-07,51,0.154,0.635,0.183,0.029,29.185714285714287,11.62857142857143,2.8285714285714287,34.5,45.7,23.7,15,,,9.814285714285717,8.328571428571427,,33.0,36.4,,,51.0,40.0,63.0,0.6761054393694366,0,0,0,0,0,0,0,0,1,0,0
2018-10-14,60,0.154,0.635,0.183,0.029,26.585714285714285,5.2,25.342857142857145,32.5,44.6,22.5,19,,,8.585714285714285,11.228571428571428,,32.4,41.8,,,51.0,51.0,40.0,0.6760515125215542,0,0,0,0,0,0,0,0,1,0,0
2018-10-21,78,0.154,0.635,0.183,0.029,28.02857142857143,6.742857142857143,3.828571428571428,33.3,48.2,23.4,17,28.52857142857143,,6.228571428571429,6.471428571428571,,33.0,51.1,,,60.0,51.0,51.0,0.6760191867278161,0,0,0,0,0,0,0,0,1,0,0
2018-10-28,75,0.154,0.635,0.183,0.029,27.8,6.1571428571428575,1.3714285714285714,32.8,35.6,25.1,18,28.914285714285715,,9.314285714285717,6.914285714285714,,33.0,40.0,,,78.0,60.0,51.0,0.6758485200370683,0,0,0,0,0,0,0,0,1,0,0
2018-11-04,71,0.104,0.681,0.208,0.007,27.47142857142857,6.885714285714286,1.8,32.9,37.8,24.5,19,28.142857142857142,,8.385714285714286,5.6000000000000005,,33.2,41.0,,,75.0,78.0,60.0,0.6715429338901899,0,0,0,0,0,0,0,0,0,1,0
2018-11-11,78,0.104,0.681,0.208,0.007,27.32857142857143,5.6571428571428575,3.4285714285714284,32.7,32.8,23.6,24,28.414285714285715,,12.028571428571428,9.55714285714286,,32.7,40.3,,,71.0,75.0,78.0,0.6713859770412548,0,0,0,0,0,0,0,0,0,1,0
2018-11-18,97,0.104,0.681,0.208,0.007,27.17142857142857,5.385714285714286,6.857142857142857,32.5,55.4,22.4,23,28.785714285714285,,11.62857142857143,9.328571428571427,,31.9,40.0,,,78.0,71.0,75.0,0.6712655922468919,0,0,0,0,0,0,0,0,0,1,0
2018-11-25,109,0.104,0.681,0.208,0.007,27.31428571428572,5.542857142857143,6.942857142857143,33.4,40.0,22.8,31,29.685714285714287,,5.2,8.27142857142857,,32.0,40.3,,,97.0,78.0,71.0,0.671060291633971,0,0,0,0,0,0,0,0,0,1,0
2018-12-02,114,0.177,0.581,0.226,0.016,27.442857142857143,6.928571428571429,6.371428571428572,32.0,33.5,23.9,26,28.414285714285715,,6.742857142857143,6.528571428571429,,32.5,43.2,,,109.0,97.0,78.0,0.6813480806417357,0,0,0,0,0,0,0,0,0,0,1
2018-12-09,107,0.177,0.581,0.226,0.016,27.61428571428572,6.285714285714286,1.5714285714285714,32.3,26.6,24.9,23,28.31428571428572,,6.1571428571428575,9.985714285714286,,33.0,45.0,,,114.0,109.0,97.0,0.6811523271137383,0,0,0,0,0,0,0,0,0,0,1
2018-12-16,127,0.177,0.581,0.226,0.016,26.885714285714283,6.4,11.05714285714286,31.9,37.4,23.7,25,27.842857142857145,,6.885714285714286,10.285714285714286,,34.5,42.5,,,107.0,114.0,109.0,0.6810903143107108,0,0,0,0,0,0,0,0,0,0,1
2018-12-23,160,0.177,0.581,0.226,0.016,27.728571428571428,7.357142857142857,2.8285714285714287,32.7,45.0,23.6,19,29.728571428571428,,5.6571428571428575,11.514285714285714,,32.5,37.1,,,127.0,107.0,114.0,0.6810554678702901,0,0,0,0,0,0,0,0,0,0,1
2018-12-30,205,0.049,0.451,0.407,0.093,28.285714285714285,6.857142857142857,2.5428571428571423,33.8,45.7,24.7,23,29.1,,5.385714285714286,12.4,,33.3,37.4,,,160.0,127.0,107.0,0.7310430039238126,0,0,0,0,0,0,0,0,0,0,1
2019-01-06,245,0.063,0.773,0.147,0.017,28.61428571428572,9.257142857142856,5.6000000000000005,33.4,43.9,24.8,25,27.74285714285714,,5.542857142857143,10.028571428571428,,32.8,45.4,,,205.0,160.0,127.0,0.6573528412317174,0,0,0,0,0,0,0,0,0,0,0
2019-01-13,207,0.063,0.773,0.147,0.017,28.31428571428572,12.385714285714286,0.9142857142857144,32.6,37.8,24.7,28,27.042857142857144,,6.928571428571429,10.342857142857143,,32.9,45.7,,,245.0,205.0,160.0,0.6562040413256959,0,0,0,0,0,0,0,0,0,0,0
2019-01-20,221,0.063,0.773,0.147,0.017,27.47142857142857,9.314285714285717,7.771428571428572,32.6,35.6,23.5,27,28.24285714285714,,6.285714285714286,14.8,,32.7,44.6,36.7,,207.0,245.0,205.0,0.655459079233922,0,0,0,0,0,0,0,0,0,0,0
2019-01-27,179,0.063,0.773,0.147,0.017,27.642857142857142,12.7,0.2857142857142857,31.9,47.5,25.0,29,28.25714285714286,,6.4,9.814285714285717,,32.5,48.2,38.2,,221.0,207.0,245.0,0.6543911725138414,0,0,0,0,0,0,0,0,0,0,0
2019-02-03,135,0.09,0.737,0.13,0.043,27.81428571428572,12.585714285714284,0.1428571428571428,32.9,38.9,25.2,29,28.914285714285715,,7.357142857142857,8.585714285714285,,33.4,35.6,37.1,,179.0,221.0,207.0,0.658941851677667,1,0,0,0,0,0,0,0,0,0,0
2019-02-10,232,0.09,0.737,0.13,0.043,28.385714285714283,12.071428571428571,0.0,34.1,43.6,24.7,34,29.0,,6.857142857142857,6.228571428571429,,32.0,37.8,43.6,,135.0,179.0,221.0,0.6589765086692244,1,0,0,0,0,0,0,0,0,0,0
2019-02-17,181,0.09,0.737,0.13,0.043,28.085714285714285,12.714285714285714,1.3142857142857145,33.6,43.2,23.0,31,27.81428571428572,,9.257142857142856,9.314285714285717,,32.3,32.8,44.6,,232.0,135.0,179.0,0.6579952546087933,1,0,0,0,0,0,0,0,0,0,0
2019-02-24,156,0.09,0.737,0.13,0.043,28.071428571428573,10.842857142857142,3.142857142857143,33.5,35.3,21.9,26,28.571428571428573,,12.385714285714286,8.385714285714286,,31.9,55.4,51.1,,181.0,232.0,135.0,0.6573069899823584,1,0,0,0,0,0,0,0,0,0,0
2019-03-03,133,0.05,0.639,0.238,0.074,28.342857142857145,13.357142857142858,0.0285714285714285,33.6,41.8,24.7,31,29.25714285714286,,9.314285714285717,12.028571428571428,10.714285714285714,32.7,40.0,36.4,,156.0,181.0,232.0,0.6863173850033026,0,1,0,0,0,0,0,0,0,0,0
2019-03-10,109,0.05,0.639,0.238,0.074,28.928571428571427,10.9,0.0,34.7,37.8,24.6,22,28.24285714285714,,12.7,11.62857142857143,9.828571428571427,33.8,33.5,49.3,,133.0,156.0,181.0,0.6859199616293511,0,1,0,0,0,0,0,0,0,0,0
2019-03-17,96,0.05,0.639,0.238,0.074,28.52857142857143,10.22857142857143,3.857142857142857,34.8,41.0,22.3,24,28.15714285714285,,12.585714285714284,5.2,7.7,33.4,26.6,45.0,25.5,109.0,133.0,156.0,0.6856226782619337,0,1,0,0,0,0,0,0,0,0,0
2019-03-24,99,0.05,0.639,0.238,0.074,28.842857142857145,9.828571428571427,1.2571428571428571,34.5,32.8,23.1,22,27.185714285714287,,12.071428571428571,6.742857142857143,6.842857142857143,32.6,37.4,36.4,24.6,96.0,109.0,133.0,0.6854294922451535,0,1,0,0,0,0,0,0,0,0,0
2019-03-31,108,0.05,0.639,0.238,0.074,28.7,9.357142857142858,5.2,34.5,34.9,22.9,21,28.11428571428572,28.52857142857143,12.714285714285714,6.1571428571428575,8.328571428571427,32.6,45.0,42.5,25.5,99.0,96.0,109.0,0.685255103583689,0,1,0,0,0,0,0,0,0,0,0
2019-04-07,125,0.077,0.568,0.297,0.058,28.11428571428572,7.928571428571429,8.142857142857142,33.7,36.7,22.7,28,27.557142857142857,28.914285714285715,10.842857142857142,6.885714285714286,11.228571428571428,31.9,45.7,47.2,22.6,108.0,99.0,96.0,0.6951297479264498,0,0,1,0,0,0,0,0,0,0,0
2019-04-14,134,0.077,0.568,0.297,0.058,28.62857142857143,7.814285714285715,5.314285714285715,33.4,40.7,23.6,28,29.15714285714285,28.142857142857142,13.357142857142858,5.6571428571428575,6.471428571428571,32.9,43.9,36.4,23.6,125.0,108.0,99.0,0.6949699161805499,0,0,1,0,0,0,0,0,0,0,0
2019-04-21,156,0.077,0.568,0.297,0.058,29.357142857142858,8.857142857142858,3.057142857142857,34.5,37.8,25.0,30,29.185714285714287,28.414285714285715,10.9,5.385714285714286,6.914285714285714,34.1,37.8,41.8,26.3,134.0,125.0,108.0,0.6948507505037099,0,0,1,0,0,0,0,0,0,0,0
2019-04-28,192,0.077,0.568,0.297,0.058,28.428571428571427,5.871428571428572,8.457142857142857,34.5,40.3,24.0,28,26.585714285714285,28.785714285714285,10.22857142857143,5.542857142857143,5.6000000000000005,33.6,35.6,51.1,24.6,156.0,134.0,125.0,0.6947541170793182,0,0,1,0,0,0,0,0,0,0,0
2019-05-05,287,0.033,0.569,0.275,0.123,29.085714285714285,6.771428571428571,1.0285714285714287,34.3,34.9,25.6,33,28.02857142857143,29.685714285714287,9.828571428571427,6.928571428571429,9.55714285714286,33.5,47.5,40.0,24.0,192.0,156.0,134.0,0.7045156193227181,0,0,0,1,0,0,0,0,0,0,0
2019-05-12,307,0.033,0.569,0.275,0.123,29.457142857142856,6.228571428571429,4.571428571428571,34.7,52.6,22.9,30,27.8,28.414285714285715,9.357142857142858,6.285714285714286,9.328571428571427,33.6,38.9,41.0,22.9,287.0,192.0,156.0,0.7041311824148263,0,0,0,1,0,0,0,0,0,0,0
2019-05-19,376,0.033,0.569,0.275,0.123,29.02857142857143,7.085714285714286,2.628571428571429,33.1,41.0,22.8,28,27.47142857142857,28.31428571428572,7.928571428571429,6.4,8.27142857142857,34.7,43.6,40.3,24.2,307.0,287.0,192.0,0.7039095642160054,0,0,0,1,0,0,0,0,0,0,0
2019-05-26,400,0.033,0.569,0.275,0.123,29.27142857142857,8.4,0.8571428571428571,33.5,35.6,26.1,40,27.32857142857143,27.842857142857145,7.814285714285715,7.357142857142857,6.528571428571429,34.8,43.2,40.0,23.6,376.0,307.0,287.0,0.7034037246022529,0,0,0,1,0,0,0,0,0,0,0
2019-06-02,396,0.045,0.641,0.239,0.075,29.11428571428572,9.457142857142856,2.7142857142857144,33.0,43.9,25.2,35,27.17142857142857,29.728571428571428,8.857142857142858,6.857142857142857,9.985714285714286,34.5,35.3,40.3,23.6,400.0,376.0,307.0,0.6822617420862551,0,0,0,0,1,0,0,0,0,0,0
2019-06-09,464,0.045,0.641,0.239,0.075,27.728571428571428,7.485714285714286,7.571428571428571,32.6,37.8,24.2,37,27.31428571428572,29.1,5.871428571428572,9.257142857142856,10.285714285714286,34.5,41.8,43.2,23.0,396.0,400.0,376.0,0.6817160573576752,0,0,0,0,1,0,0,0,0,0,0
2019-06-16,430,0.045,0.641,0.239,0.075,28.957142857142856,9.44285714285714,3.7142857142857135,33.0,36.7,23.6,52,27.442857142857143,27.74285714285714,6.771428571428571,12.385714285714286,11.514285714285714,33.7,37.8,45.0,23.1,464.0,396.0,400.0,0.6806135097270489,0,0,0,0,1,0,0,0,0,0,0
2019-06-23,492,0.045,0.641,0.239,0.075,28.0,7.614285714285714,8.885714285714286,32.4,57.6,23.3,50,27.61428571428572,27.042857142857144,6.228571428571429,9.314285714285717,12.4,33.4,41.0,42.5,21.9,430.0,464.0,396.0,0.6799892404874976,0,0,0,0,1,0,0,0,0,0,0
2019-06-30,591,0.045,0.641,0.239,0.075,28.985714285714288,11.828571428571427,2.7142857142857144,32.5,43.2,23.9,42,26.885714285714283,28.24285714285714,7.085714285714286,12.7,10.028571428571428,34.5,32.8,37.1,23.5,492.0,430.0,464.0,0.6794073938789679,0,0,0,0,1,0,0,0,0,0,0
2019-07-07,661,0.024,0.697,0.207,0.072,29.25714285714286,12.0,0.0571428571428571,33.2,42.5,26.8,45,27.728571428571428,28.25714285714286,8.4,12.585714285714284,10.342857142857143,34.5,34.9,37.4,24.9,591.0,492.0,430.0,0.66795796441278,0,0,0,0,0,1,0,0,0,0,0
2019-07-14,644,0.024,0.697,0.207,0.072,29.057142857142857,13.185714285714283,0.2571428571428571,32.9,42.1,24.8,51,28.285714285714285,28.914285714285715,9.457142857142856,12.071428571428571,14.8,34.3,36.7,45.4,24.0,661.0,591.0,492.0,0.666172334127298,0,0,0,0,0,1,0,0,0,0,0
2019-07-21,601,0.024,0.697,0.207,0.072,28.81428571428572,13.214285714285714,0.3714285714285714,32.7,44.6,23.9,50,28.61428571428572,29.0,7.485714285714286,12.714285714285714,9.814285714285717,34.7,40.7,45.7,21.9,644.0,661.0,591.0,0.6643515443775898,0,0,0,0,0,1,0,0,0,0,0
2019-07-28,597,0.024,0.697,0.207,0.072,28.77142857142857,11.2,1.0571428571428572,33.0,39.2,24.2,57,28.31428571428572,27.81428571428572,9.44285714285714,10.842857142857142,8.585714285714285,33.1,37.8,44.6,24.9,601.0,644.0,661.0,0.6628310670348374,0,0,0,0,0,1,0,0,0,0,0
2019-08-04,521,0.014,0.722,0.175,0.089,29.442857142857143,14.614285714285714,0.0,33.4,47.2,26.7,60,27.47142857142857,28.571428571428573,7.614285714285714,13.357142857142858,6.228571428571429,33.5,40.3,48.2,22.5,597.0,601.0,644.0,0.657320944542379,0,0,0,0,0,0,1,0,0,0,0
2019-08-11,522,0.014,0.722,0.175,0.089,29.185714285714287,16.04285714285714,0.5714285714285714,32.9,40.7,27.2,47,27.642857142857142,29.25714285714286,11.828571428571427,10.9,9.314285714285717,33.0,34.9,35.6,21.4,521.0,597.0,601.0,0.6559202220875394,0,0,0,0,0,0,1,0,0,0,0
2019-08-18,474,0.014,0.722,0.175,0.089,29.585714285714285,16.257142857142856,0.0,33.3,42.5,27.2,48,27.81428571428572,28.24285714285714,12.0,10.22857142857143,8.385714285714286,32.6,52.6,37.8,21.8,522.0,521.0,597.0,0.6543237656349882,0,0,0,0,0,0,1,0,0,0,0
2019-08-25,412,0.014,0.722,0.175,0.089,29.32857142857143,15.628571428571428,0.5428571428571428,34.0,44.3,25.7,41,28.385714285714283,28.15714285714285,13.185714285714283,9.828571428571427,12.028571428571428,33.0,41.0,32.8,24.8,474.0,522.0,521.0,0.6528134599087416,0,0,0,0,0,0,1,0,0,0,0
2019-09-01,326,0.031,0.656,0.257,0.055,28.25714285714286,11.828571428571427,0.5714285714285714,33.2,43.6,24.5,36,28.085714285714285,27.185714285714287,13.214285714285714,9.357142857142858,11.62857142857143,32.4,35.6,55.4,23.7,412.0,474.0,522.0,0.662611631563414,0,0,0,0,0,0,0,1,0,0,0
2019-09-08,314,0.031,0.656,0.257,0.055,29.442857142857143,16.04285714285714,0.0,33.8,42.5,24.7,40,28.071428571428573,28.11428571428572,11.2,7.928571428571429,5.2,32.5,43.9,40.0,26.1,326.0,412.0,474.0,0.6619085623333559,0,0,0,0,0,0,0,1,0,0,0
2019-09-15,299,0.031,0.656,0.257,0.055,29.2,13.971428571428572,0.0,33.8,41.0,27.0,41,28.342857142857145,27.557142857142857,14.614285714285714,7.814285714285715,6.742857142857143,33.2,37.8,33.5,23.7,314.0,326.0,412.0,0.661223096606391,0,0,0,0,0,0,0,1,0,0,0
2019-09-22,258,0.031,0.656,0.257,0.055,29.24285714285714,15.814285714285717,0.0,33.9,46.1,26.4,37,28.928571428571427,29.15714285714285,16.04285714285714,8.857142857142858,6.1571428571428575,32.9,36.7,26.6,22.5,299.0,314.0,326.0,0.6604674537891012,0,0,0,0,0,0,0,1,0,0,0
2019-09-29,243,0.031,0.656,0.257,0.055,28.442857142857143,8.885714285714284,3.057142857142857,34.3,47.2,22.9,31,28.52857142857143,29.185714285714287,16.257142857142856,5.871428571428572,6.885714285714286,32.7,57.6,37.4,23.4,258.0,299.0,314.0,0.6599048319020743,0,0,0,0,0,0,0,1,0,0,0
2019-10-06,227,0.058,0.563,0.332,0.047,27.67142857142857,8.957142857142857,2.2857142857142856,33.9,51.8,22.9,30,28.842857142857145,26.585714285714285,15.628571428571428,6.771428571428571,5.6571428571428575,33.0,43.2,45.0,25.1,243.0,258.0,299.0,0.6798403973150452,0,0,0,0,0,0,0,0,1,0,0
2019-10-13,239,0.058,0.563,0.332,0.047,28.32857142857143,7.928571428571429,1.8,33.8,38.2,23.6,36,28.7,28.02857142857143,11.828571428571427,6.228571428571429,5.385714285714286,33.4,42.5,45.7,24.5,227.0,243.0,258.0,0.6795795592579419,0,0,0,0,0,0,0,0,1,0,0
2019-10-20,241,0.058,0.563,0.332,0.047,28.87142857142857,8.7,1.1428571428571428,34.4,48.6,26.0,32,28.11428571428572,27.8,16.04285714285714,7.085714285714286,5.542857142857143,32.9,42.1,43.9,23.6,239.0,227.0,243.0,0.6792640983089345,0,0,0,0,0,0,0,0,1,0,0
2019-10-27,306,0.058,0.563,0.332,0.047,27.77142857142857,6.371428571428572,18.057142857142857,33.3,36.4,23.1,30,28.62857142857143,27.47142857142857,13.971428571428572,8.4,6.928571428571429,33.3,44.6,37.8,22.4,241.0,239.0,227.0,0.6791887828255799,0,0,0,0,0,0,0,0,1,0,0
2019-11-03,321,0.027,0.576,0.299,0.098,28.1,6.628571428571428,4.285714285714286,33.4,45.4,22.9,37,29.357142857142858,27.32857142857143,15.814285714285717,9.457142857142856,6.285714285714286,34.0,39.2,35.6,22.8,306.0,241.0,239.0,0.6822588465269714,0,0,0,0,0,0,0,0,0,1,0
2019-11-10,372,0.027,0.576,0.299,0.098,28.77142857142857,7.042857142857143,0.7714285714285714,33.7,39.2,24.0,40,28.428571428571427,27.17142857142857,8.885714285714284,7.485714285714286,6.4,33.2,47.2,47.5,23.9,321.0,306.0,241.0,0.6820180681546073,0,0,0,0,0,0,0,0,0,1,0
2019-11-17,328,0.027,0.576,0.299,0.098,28.428571428571427,6.957142857142857,0.1714285714285714,34.4,37.4,24.7,34,29.085714285714285,27.31428571428572,8.957142857142857,9.44285714285714,7.357142857142857,33.8,40.7,38.9,24.9,372.0,321.0,306.0,0.6813584481518403,0,0,0,0,0,0,0,0,0,1,0
2019-11-24,295,0.027,0.576,0.299,0.098,26.985714285714288,6.9,3.2,34.0,33.5,24.2,35,29.457142857142856,27.442857142857143,7.928571428571429,7.614285714285714,6.857142857142857,33.8,42.5,43.6,23.7,328.0,372.0,321.0,0.6807998816147367,0,0,0,0,0,0,0,0,0,1,0
2019-12-01,280,0.049,0.451,0.407,0.093,27.714285714285715,7.357142857142857,13.371428571428572,33.0,34.9,24.0,30,29.02857142857143,27.61428571428572,8.7,11.828571428571427,9.257142857142856,33.9,44.3,43.2,23.6,295.0,328.0,372.0,0.7086804773188505,0,0,0,0,0,0,0,0,0,0,1
2019-12-08,257,0.049,0.451,0.407,0.093,27.47142857142857,12.0,8.971428571428572,31.9,42.8,23.9,29,29.27142857142857,26.885714285714283,6.371428571428572,12.0,12.385714285714286,34.3,43.6,35.3,24.7,280.0,295.0,328.0,0.70831321585266,0,0,0,0,0,0,0,0,0,0,1
2019-12-15,226,0.049,0.451,0.407,0.093,24.914285714285715,7.471428571428571,43.4,31.1,41.8,22.7,32,29.11428571428572,27.728571428571428,6.628571428571428,13.185714285714283,9.314285714285717,33.9,42.5,41.8,24.8,257.0,280.0,295.0,0.7079406343848348,0,0,0,0,0,0,0,0,0,0,1
2019-12-22,290,0.049,0.451,0.407,0.093,26.5,7.6571428571428575,7.442857142857142,31.1,37.4,23.2,33,27.728571428571428,28.285714285714285,7.042857142857143,13.214285714285714,12.7,33.8,41.0,37.8,24.7,226.0,257.0,280.0,0.7079262357962628,0,0,0,0,0,0,0,0,0,0,1
2019-12-29,302,0.003,0.423,0.343,0.231,27.542857142857144,11.314285714285717,0.3999999999999999,31.7,37.1,24.7,29,28.957142857142856,28.61428571428572,6.957142857142857,11.2,12.585714285714284,34.4,46.1,41.0,23.5,290.0,226.0,257.0,0.7289780496437069,0,0,0,0,0,0,0,0,0,0,1
2020-01-05,342,0.089,0.397,0.467,0.048,27.81428571428572,12.12857142857143,0.0,32.2,43.2,25.1,37,28.0,28.31428571428572,6.9,14.614285714285714,12.071428571428571,33.3,47.2,32.8,25.0,302.0,290.0,226.0,0.7146757975917558,0,0,0,0,0,0,0,0,0,0,0
2020-01-12,402,0.089,0.397,0.467,0.048,27.15714285714285,9.828571428571427,2.6,32.3,40.7,23.8,42,28.985714285714288,27.47142857142857,7.357142857142857,16.04285714285714,12.714285714285714,33.4,51.8,34.9,25.2,342.0,302.0,290.0,0.7144803416111106,0,0,0,0,0,0,0,0,0,0,0
2020-01-19,307,0.089,0.397,0.467,0.048,27.97142857142857,12.171428571428573,0.0,32.8,36.7,24.6,32,29.25714285714286,27.642857142857142,12.0,16.257142857142856,10.842857142857142,33.7,38.2,36.7,24.7,402.0,342.0,302.0,0.7137094884472341,0,0,0,0,0,0,0,0,0,0,0
2020-01-26,370,0.089,0.397,0.467,0.048,27.97142857142857,13.585714285714284,2.0285714285714285,32.8,38.5,24.3,34,29.057142857142857,27.81428571428572,7.471428571428571,15.628571428571428,13.357142857142858,34.4,48.6,40.7,23.0,307.0,402.0,342.0,0.713572504127798,0,0,0,0,0,0,0,0,0,0,0
2020-02-02,400,0.177,0.269,0.474,0.081,27.9,12.94285714285714,8.0,32.6,40.3,23.8,29,28.81428571428572,28.385714285714283,7.6571428571428575,11.828571428571427,10.9,34.0,36.4,37.8,21.9,370.0,307.0,402.0,0.7399385932705708,1,0,0,0,0,0,0,0,0,0,0
2020-02-09,378,0.177,0.269,0.474,0.081,27.61428571428572,11.728571428571428,2.085714285714286,32.3,41.0,23.7,49,28.77142857142857,28.085714285714285,11.314285714285717,16.04285714285714,10.22857142857143,33.0,45.4,40.3,24.7,400.0,370.0,307.0,0.7395372424021606,1,0,0,0,0,0,0,0,0,0,0
2020-02-16,380,0.177,0.269,0.474,0.081,27.87142857142857,10.228571428571428,3.4,32.8,35.3,24.2,53,29.442857142857143,28.071428571428573,12.12857142857143,13.971428571428572,9.828571428571427,31.9,39.2,34.9,24.6,378.0,400.0,370.0,0.7392307110214092,1,0,0,0,0,0,0,0,0,0,0
2020-02-23,373,0.177,0.269,0.474,0.081,27.82857142857143,14.3,3.142857142857143,33.1,46.4,24.1,38,29.185714285714287,28.342857142857145,9.828571428571427,15.814285714285717,9.357142857142858,31.1,37.4,52.6,22.3,380.0,378.0,400.0,0.7389009702778949,1,0,0,0,0,0,0,0,0,0,0
2020-03-01,375,0.134,0.316,0.43,0.12,28.085714285714285,13.928571428571429,0.6571428571428571,32.7,45.7,25.1,39,29.585714285714285,28.928571428571427,12.171428571428573,8.885714285714284,7.928571428571429,31.1,33.5,41.0,23.1,373.0,380.0,378.0,0.7334577859603573,0,1,0,0,0,0,0,0,0,0,0
2020-03-08,389,0.134,0.316,0.43,0.12,28.27142857142857,10.085714285714284,5.714285714285714,33.9,36.7,24.3,36,29.32857142857143,28.52857142857143,13.585714285714284,8.957142857142857,7.814285714285715,31.7,34.9,35.6,22.9,375.0,373.0,380.0,0.7332922160790087,0,1,0,0,0,0,0,0,0,0,0
2020-03-15,367,0.134,0.316,0.43,0.12,29.0,11.0,0.0,34.0,39.6,25.2,34,28.25714285714286,28.842857142857145,12.94285714285714,7.928571428571429,8.857142857142858,32.2,42.8,43.9,22.7,389.0,375.0,373.0,0.7330116890932757,0,1,0,0,0,0,0,0,0,0,0
2020-03-22,377,0.134,0.316,0.43,0.12,28.47142857142857,11.328571428571427,6.971428571428571,33.7,44.6,24.4,42,29.442857142857143,28.7,11.728571428571428,8.7,5.871428571428572,32.3,41.8,37.8,23.6,367.0,389.0,375.0,0.7328380790071914,0,1,0,0,0,0,0,0,0,0,0
2020-03-29,315,0.134,0.316,0.43,0.12,28.6,9.971428571428572,2.857142857142857,33.6,37.1,24.1,32,29.2,28.11428571428572,10.228571428571428,6.371428571428572,6.771428571428571,32.8,37.4,36.7,25.0,377.0,367.0,389.0,0.7324507737186219,0,1,0,0,0,0,0,0,0,0,0
2020-04-05,341,0.06,0.393,0.426,0.121,29.12857142857143,9.771428571428572,8.142857142857142,34.6,42.6,24.0,30,29.24285714285714,28.62857142857143,14.3,6.628571428571428,6.228571428571429,32.8,37.1,57.6,24.0,315.0,377.0,367.0,0.7196574952781746,0,0,1,0,0,0,0,0,0,0,0
2020-04-12,360,0.06,0.393,0.426,0.121,28.52857142857143,8.285714285714286,3.942857142857143,33.2,37.0,23.8,28,28.442857142857143,29.357142857142858,13.928571428571429,7.042857142857143,7.085714285714286,32.6,43.2,43.2,25.6,341.0,315.0,377.0,0.7194435826030817,0,0,1,0,0,0,0,0,0,0,0
2020-04-19,399,0.06,0.393,0.426,0.121,29.585714285714285,10.014285714285716,0.0,33.9,37.0,26.4,41,27.67142857142857,28.428571428571427,10.085714285714284,6.957142857142857,8.4,32.3,40.7,42.5,22.9,360.0,341.0,315.0,0.7192779862429055,0,0,1,0,0,0,0,0,0,0,0
2020-04-26,390,0.06,0.393,0.426,0.121,28.857142857142858,7.714285714285714,1.5714285714285714,34.3,33.3,25.1,35,28.32857142857143,29.085714285714285,11.0,6.9,9.457142857142856,32.8,36.7,42.1,22.8,399.0,360.0,341.0,0.7189341532603549,0,0,1,0,0,0,0,0,0,0,0
2020-05-03,502,0.054,0.534,0.294,0.118,27.8,5.828571428571428,16.54285714285714,33.1,35.2,24.4,38,28.87142857142857,29.457142857142856,11.328571428571427,7.357142857142857,7.485714285714286,33.1,38.5,44.6,26.1,390.0,399.0,360.0,0.6883208675106084,0,0,0,1,0,0,0,0,0,0,0
2020-05-10,524,0.054,0.534,0.294,0.118,29.0,7.8,15.028571428571428,34.5,42.6,23.6,48,27.77142857142857,29.02857142857143,9.971428571428572,12.0,9.44285714285714,32.7,40.3,39.2,25.2,502.0,390.0,399.0,0.6879825380922037,0,0,0,1,0,0,0,0,0,0,0
2020-05-17,618,0.054,0.534,0.294,0.118,29.12857142857143,9.128571428571428,10.285714285714286,32.8,46.3,24.6,45,28.1,29.27142857142857,9.771428571428572,7.471428571428571,7.614285714285714,33.9,41.0,47.2,24.2,524.0,502.0,390.0,0.6878681427058501,0,0,0,1,0,0,0,0,0,0,0
2020-05-24,731,0.054,0.534,0.294,0.118,28.857142857142858,6.171428571428572,4.542857142857143,34.0,33.3,24.9,46,28.77142857142857,29.11428571428572,8.285714285714286,7.6571428571428575,11.828571428571427,34.0,35.3,40.7,23.6,618.0,524.0,502.0,0.687742447635431,0,0,0,1,0,0,0,0,0,0,0
2020-05-31,868,0.054,0.534,0.294,0.118,29.17142857142857,7.242857142857142,3.314285714285714,33.5,37.0,23.8,61,28.428571428571427,27.728571428571428,10.014285714285716,11.314285714285717,12.0,33.7,46.4,42.5,23.3,731.0,618.0,524.0,0.6876102959794513,0,0,0,1,0,0,0,0,0,0,0
2020-06-07,1151,0.042,0.49,0.362,0.106,28.11428571428572,7.085714285714286,14.342857142857143,33.0,35.2,24.0,75,26.985714285714288,28.957142857142856,7.714285714285714,12.12857142857143,13.185714285714283,33.6,45.7,44.3,23.9,868.0,731.0,618.0,0.6966797778361444,0,0,0,0,1,0,0,0,0,0,0
2020-06-14,1369,0.042,0.49,0.362,0.106,28.585714285714285,8.819275041667073,4.571428571428571,33.0,50.0,24.2,86,27.714285714285715,28.0,5.828571428571428,9.828571428571427,13.214285714285714,34.6,36.7,43.6,26.8,1151.0,868.0,731.0,0.6964055086099438,0,0,0,0,1,0,0,0,0,0,0
2020-06-21,1460,0.042,0.49,0.362,0.106,27.642857142857142,6.228571428571429,6.942857142857142,32.3,37.0,23.7,94,27.47142857142857,28.985714285714288,7.8,12.171428571428573,11.2,33.2,39.6,42.5,24.8,1369.0,1151.0,868.0,0.6955766297878625,0,0,0,0,1,0,0,0,0,0,0
2020-06-28,1444,0.042,0.49,0.362,0.106,27.885714285714283,9.414285714285716,6.342857142857143,32.0,42.6,23.7,87,24.914285714285715,29.25714285714286,9.128571428571428,13.585714285714284,14.614285714285714,33.9,44.6,41.0,23.9,1460.0,1369.0,1151.0,0.6943809385858501,0,0,0,0,1,0,0,0,0,0,0
2020-07-05,1665,0.034,0.44,0.406,0.121,28.842857142857145,11.428571428571429,1.4857142857142858,32.4,35.2,24.6,76,26.5,29.057142857142857,6.171428571428572,12.94285714285714,16.04285714285714,34.3,37.1,46.1,24.2,1444.0,1460.0,1369.0,0.7070411577564514,0,0,0,0,0,1,0,0,0,0,0
2020-07-12,1725,0.034,0.44,0.406,0.121,27.65714285714285,7.685714285714285,3.3142857142857145,32.1,37.0,24.5,89,27.542857142857144,28.81428571428572,7.242857142857142,11.728571428571428,16.257142857142856,33.1,42.6,47.2,26.7,1665.0,1444.0,1460.0,0.7059327778529239,0,0,0,0,0,1,0,0,0,0,0
2020-07-19,1791,0.034,0.44,0.406,0.121,27.74285714285714,7.6,2.457142857142857,32.2,35.2,24.9,100,27.81428571428572,28.77142857142857,7.085714285714286,10.228571428571428,15.628571428571428,34.5,37.0,51.8,27.2,1725.0,1665.0,1444.0,0.7048352011317369,0,0,0,0,0,1,0,0,0,0,0
2020-07-26,1376,0.034,0.44,0.406,0.121,28.071428571428573,9.171428571428573,7.8,32.5,53.7,23.7,89,27.15714285714285,29.442857142857143,8.819275041667073,14.3,11.828571428571427,32.8,37.0,38.2,27.2,1791.0,1725.0,1665.0,0.7024020956183088,0,0,0,0,0,1,0,0,0,0,0
2020-08-02,1667,0.026,0.48,0.393,0.1,27.942857142857143,8.9,6.257142857142857,31.7,42.6,23.9,87,27.97142857142857,29.185714285714287,6.228571428571429,13.928571428571429,16.04285714285714,34.0,33.3,48.6,25.7,1376.0,1791.0,1725.0,0.6901121091232938,0,0,0,0,0,0,1,0,0,0,0
2020-08-09,1336,0.026,0.48,0.393,0.1,29.11428571428572,10.314285714285717,0.6857142857142857,32.9,44.4,24.1,73,27.97142857142857,29.585714285714285,9.414285714285716,10.085714285714284,13.971428571428572,33.5,35.2,36.4,24.5,1667.0,1376.0,1791.0,0.6878902183278508,0,0,0,0,0,0,1,0,0,0,0
2020-08-16,1285,0.026,0.48,0.393,0.1,28.185714285714287,8.371428571428572,6.914285714285716,33.0,40.7,22.5,68,27.9,29.32857142857143,11.428571428571429,11.0,15.814285714285717,33.0,42.6,45.4,24.7,1336.0,1667.0,1376.0,0.6867451359643392,0,0,0,0,0,0,1,0,0,0,0
2020-08-23,1153,0.026,0.48,0.393,0.1,27.67142857142857,8.357142857142858,5.371428571428571,33.0,48.2,23.0,65,27.61428571428572,28.25714285714286,7.685714285714285,11.328571428571427,8.885714285714284,33.0,46.3,39.2,27.0,1285.0,1336.0,1667.0,0.6854378582033133,0,0,0,0,0,0,1,0,0,0,0
2020-08-30,937,0.026,0.48,0.393,0.1,27.928571428571427,9.2,1.8,32.4,51.9,24.0,56,27.87142857142857,29.442857142857143,7.6,9.971428571428572,8.957142857142857,32.3,33.3,37.4,26.4,1153.0,1285.0,1336.0,0.6840215819718299,0,0,0,0,0,0,1,0,0,0,0
2020-09-06,725,0.004,0.522,0.347,0.127,27.585714285714285,8.014285714285714,8.657142857142857,32.2,40.7,22.8,46,27.82857142857143,29.2,9.171428571428573,9.771428571428572,7.928571428571429,32.0,37.0,33.5,22.9,937.0,1153.0,1285.0,0.6782793840450467,0,0,0,0,0,0,0,1,0,0,0
2020-09-13,671,0.004,0.522,0.347,0.127,27.4,7.985714285714286,4.057142857142857,32.2,57.4,22.7,47,28.085714285714285,29.24285714285714,8.9,8.285714285714286,8.7,32.4,35.2,34.9,22.9,725.0,937.0,1153.0,0.6775831497014441,0,0,0,0,0,0,0,1,0,0,0
2020-09-20,590,0.004,0.522,0.347,0.127,27.75714285714286,8.942857142857143,3.3714285714285714,33.2,46.3,21.9,37,28.27142857142857,28.442857142857143,10.314285714285717,10.014285714285716,6.371428571428572,32.1,50.0,42.8,23.6,671.0,725.0,937.0,0.6768599245527378,0,0,0,0,0,0,0,1,0,0,0
2020-09-27,605,0.004,0.522,0.347,0.127,27.457142857142856,7.185714285714285,5.0,32.9,55.6,23.6,42,29.0,27.67142857142857,8.371428571428572,7.714285714285714,6.628571428571428,32.2,37.0,41.8,26.0,590.0,671.0,725.0,0.6764670169779144,0,0,0,0,0,0,0,1,0,0,0
2020-10-04,528,0.007,0.556,0.275,0.162,27.842857142857145,7.571428571428571,1.0571428571428572,32.6,44.4,24.4,36,28.47142857142857,28.32857142857143,8.357142857142858,5.828571428571428,7.042857142857143,32.5,42.6,37.4,23.1,605.0,590.0,671.0,0.6738221665056622,0,0,0,0,0,0,0,0,1,0,0
2020-10-11,591,0.007,0.556,0.275,0.162,28.2,7.214285714285714,3.857142857142857,33.2,42.6,23.2,38,28.6,28.87142857142857,9.2,7.8,6.957142857142857,31.7,35.2,37.1,22.9,528.0,605.0,590.0,0.6736143962634418,0,0,0,0,0,0,0,0,1,0,0
2020-10-18,563,0.007,0.556,0.275,0.162,28.81428571428572,8.914285714285715,0.9142857142857144,33.6,42.6,24.6,32,29.12857142857143,27.77142857142857,8.014285714285714,9.128571428571428,6.9,32.9,37.0,43.2,24.0,591.0,528.0,605.0,0.673112154533015,0,0,0,0,0,0,0,0,1,0,0
2020-10-25,440,0.007,0.556,0.275,0.162,28.25714285714286,6.7,3.1142857142857143,33.7,44.4,22.2,31,28.52857142857143,28.1,7.985714285714286,6.171428571428572,7.357142857142857,33.0,35.2,40.7,24.7,563.0,591.0,528.0,0.6723764306048254,0,0,0,0,0,0,0,0,1,0,0
2020-11-01,408,0.0,0.512,0.266,0.222,28.11428571428572,6.514285714285714,2.685714285714286,34.1,35.2,24.5,23,29.585714285714285,28.77142857142857,8.942857142857143,7.242857142857142,12.0,33.0,53.7,36.7,24.2,440.0,563.0,591.0,0.6882542311363148,0,0,0,0,0,0,0,0,0,1,0
2020-11-08,354,0.0,0.512,0.266,0.222,27.014285714285712,6.042857142857143,16.82857142857143,32.7,40.7,23.3,30,28.857142857142858,28.428571428571427,7.185714285714285,7.085714285714286,7.471428571428571,32.4,42.6,38.5,24.0,408.0,440.0,563.0,0.6878716008318343,0,0,0,0,0,0,0,0,0,1,0
2020-11-15,258,0.0,0.512,0.266,0.222,27.914285714285715,8.385714285714286,5.485714285714286,33.3,38.9,24.4,30,27.8,26.985714285714288,7.571428571428571,8.819275041667073,7.6571428571428575,32.2,44.4,40.3,23.9,354.0,408.0,440.0,0.6874161819886465,0,0,0,0,0,0,0,0,0,1,0
2020-11-22,279,0.0,0.512,0.266,0.222,27.357142857142858,6.614285714285714,5.057142857142857,33.4,38.9,23.8,27,29.0,27.714285714285715,7.214285714285714,6.228571428571429,11.314285714285717,32.2,40.7,41.0,22.7,258.0,354.0,408.0,0.687321619114027,0,0,0,0,0,0,0,0,0,1,0
2020-11-29,228,0.0,0.512,0.266,0.222,26.61428571428572,6.1000000000000005,2.4571428571428577,31.0,29.6,23.7,25,29.12857142857143,27.47142857142857,8.914285714285715,9.414285714285716,12.12857142857143,33.2,48.2,35.3,23.2,279.0,258.0,354.0,0.6870282665754601,0,0,0,0,0,0,0,0,0,1,0
2020-12-06,227,0.003,0.423,0.343,0.231,27.357142857142858,11.771428571428572,4.942857142857143,33.5,37.0,24.3,25,28.857142857142858,24.914285714285715,6.7,11.428571428571429,9.828571428571427,32.9,51.9,46.4,24.7,228.0,279.0,258.0,0.7058063969951924,0,0,0,0,0,0,0,0,0,0,1
2020-12-13,236,0.003,0.423,0.343,0.231,27.185714285714287,11.1,20.285714285714285,32.8,42.6,23.0,22,29.17142857142857,26.5,6.514285714285714,7.685714285714285,12.171428571428573,32.6,40.7,45.7,25.1,227.0,228.0,279.0,0.70572421906539,0,0,0,0,0,0,0,0,0,0,1
2020-12-20,196,0.003,0.423,0.343,0.231,26.457142857142856,6.328571428571428,7.771428571428571,31.9,31.5,23.0,24,28.11428571428572,27.542857142857144,6.042857142857143,7.6,13.585714285714284,33.2,57.4,36.7,23.8,236.0,227.0,228.0,0.7055170883108923,0,0,0,0,0,0,0,0,0,0,1
2020-12-27,193,0.003,0.423,0.343,0.231,27.485714285714288,7.8,4.4,32.7,31.5,23.9,20,28.585714285714285,27.81428571428572,8.385714285714286,9.171428571428573,12.94285714285714,33.6,46.3,39.6,24.6,196.0,236.0,227.0,0.705421129171896,0,0,0,0,0,0,0,0,0,0,1
2021-01-03,194,0.0,0.538,0.217,0.245,25.97142857142857,8.6,50.54285714285714,31.8,44.4,21.7,19,27.642857142857142,27.15714285714285,6.614285714285714,8.9,11.728571428571428,33.7,55.6,44.6,24.3,193.0,196.0,236.0,0.6843116624970231,0,0,0,0,0,0,0,0,0,0,0
2021-01-10,165,0.0,0.538,0.217,0.245,25.31428571428572,7.428571428571429,40.08571428571429,31.6,37.0,22.9,20,27.885714285714283,27.97142857142857,6.1000000000000005,10.314285714285717,10.228571428571428,34.1,44.4,37.1,23.8,194.0,193.0,196.0,0.6841085537698934,0,0,0,0,0,0,0,0,0,0,0
2021-01-17,151,0.0,0.538,0.217,0.245,26.214285714285715,11.985714285714286,2.4857142857142853,30.5,42.6,23.3,20,28.842857142857145,27.97142857142857,11.771428571428572,8.371428571428572,14.3,32.7,42.6,42.6,23.7,165.0,194.0,193.0,0.6839626323166216,0,0,0,0,0,0,0,0,0,0,0
2021-01-24,135,0.0,0.538,0.217,0.245,26.414285714285715,11.157142857142857,4.628571428571428,31.2,48.2,23.0,22,27.65714285714285,27.9,11.1,8.357142857142858,13.928571428571429,33.3,42.6,37.0,24.2,151.0,165.0,194.0,0.683822241135734,0,0,0,0,0,0,0,0,0,0,0
2021-01-31,141,0.0,0.538,0.217,0.245,26.885714285714283,11.357142857142858,1.6857142857142855,31.6,40.7,23.1,19,27.74285714285714,27.61428571428572,6.328571428571428,9.2,10.085714285714284,33.4,44.4,37.0,24.1,135.0,151.0,165.0,0.6837480236444671,0,0,0,0,0,0,0,0,0,0,0
2021-02-07,142,0.0,0.371,0.487,0.143,27.071428571428573,12.94285714285714,0.0,32.7,40.7,23.7,20,28.071428571428573,27.87142857142857,7.8,8.014285714285714,11.0,31.0,35.2,33.3,25.1,141.0,135.0,151.0,0.7044438890998129,1,0,0,0,0,0,0,0,0,0,0
2021-02-14,148,0.0,0.371,0.487,0.143,27.514285714285712,13.44285714285714,0.1428571428571428,32.2,37.0,24.7,18,27.942857142857143,27.82857142857143,8.6,7.985714285714286,11.328571428571427,33.5,40.7,35.2,24.3,142.0,141.0,135.0,0.7043440148388342,1,0,0,0,0,0,0,0,0,0,0
2021-02-21,145,0.0,0.371,0.487,0.143,27.0,15.685714285714283,0.0,31.9,42.6,24.1,20,29.11428571428572,28.085714285714285,7.428571428571429,8.942857142857143,9.971428571428572,32.8,38.9,42.6,25.2,148.0,142.0,141.0,0.7042179966892808,1,0,0,0,0,0,0,0,0,0,0
2021-02-28,139,0.0,0.371,0.487,0.143,27.5,10.857142857142858,0.0,33.7,37.0,24.0,26,28.185714285714287,28.27142857142857,11.985714285714286,7.185714285714285,9.771428571428572,31.9,38.9,46.3,24.4,145.0,148.0,142.0,0.7040847559096088,1,0,0,0,0,0,0,0,0,0,0
2021-03-07,145,0.005,0.302,0.36,0.333,28.24285714285714,12.457142857142856,5.2,34.2,40.7,23.0,27,27.67142857142857,29.0,11.157142857142857,7.571428571428571,8.285714285714286,32.7,29.6,33.3,24.1,139.0,145.0,148.0,0.7414928074763278,0,1,0,0,0,0,0,0,0,0,0
2021-03-14,129,0.005,0.302,0.36,0.333,27.857142857142858,10.885714285714286,2.257142857142857,33.3,40.7,23.7,20,27.928571428571427,28.47142857142857,11.357142857142858,7.214285714285714,10.014285714285716,31.8,37.0,37.0,24.0,145.0,139.0,145.0,0.7413737720395857,0,1,0,0,0,0,0,0,0,0,0
2021-03-21,120,0.005,0.302,0.36,0.333,28.12857142857143,9.4,3.142857142857143,33.5,35.2,24.0,20,27.585714285714285,28.6,12.94285714285714,8.914285714285715,7.714285714285714,31.6,42.6,35.2,23.8,129.0,145.0,139.0,0.741279389808666,0,1,0,0,0,0,0,0,0,0,0
2021-03-28,113,0.005,0.302,0.36,0.333,27.47142857142857,8.3,7.714285714285714,33.5,48.2,24.1,21,27.4,29.12857142857143,13.44285714285714,6.7,5.828571428571428,30.5,31.5,50.0,26.4,120.0,129.0,145.0,0.741194706907753,0,1,0,0,0,0,0,0,0,0,0
2021-04-04,102,0.0,0.412,0.412,0.175,28.214285714285715,6.328571428571428,15.657142857142857,34.7,37.0,23.3,21,27.75714285714286,28.52857142857143,15.685714285714283,6.514285714285714,7.8,31.2,31.5,37.0,25.1,113.0,120.0,129.0,0.6983426563434698,0,0,1,0,0,0,0,0,0,0,0
2021-04-11,112,0.0,0.412,0.412,0.175,28.47142857142857,8.171428571428573,9.571428571428571,33.3,42.6,24.5,23,27.457142857142856,29.585714285714285,10.857142857142858,6.042857142857143,9.128571428571428,31.6,44.4,42.6,24.4,102.0,113.0,120.0,0.6983095887448553,0,0,1,0,0,0,0,0,0,0,0
2021-04-18,128,0.0,0.412,0.412,0.175,27.728571428571428,6.185714285714285,16.4,32.7,31.5,23.1,26,27.842857142857145,28.857142857142858,12.457142857142856,8.385714285714286,6.171428571428572,32.7,37.0,35.2,23.6,112.0,102.0,113.0,0.6982860079212057,0,0,1,0,0,0,0,0,0,0,0
2021-04-25,84,0.0,0.412,0.412,0.175,28.285714285714285,6.185714285714285,6.114285714285714,33.1,35.2,23.5,27,28.2,27.8,10.885714285714286,6.614285714285714,7.242857142857142,32.2,42.6,37.0,24.6,128.0,112.0,102.0,0.6981060807853481,0,0,1,0,0,0,0,0,0,0,0
2021-05-02,117,0.0,0.385,0.526,0.09,28.557142857142857,7.742857142857143,1.5142857142857145,33.4,38.9,25.1,27,28.81428571428572,29.0,9.4,6.1000000000000005,7.085714285714286,31.9,48.2,35.2,24.9,84.0,128.0,112.0,0.693934283091654,0,0,0,1,0,0,0,0,0,0,0
2021-05-09,92,0.0,0.385,0.526,0.09,28.428571428571427,6.028571428571429,4.314285714285714,33.5,35.2,24.3,21,28.25714285714286,29.12857142857143,8.3,11.771428571428572,8.819275041667073,33.7,40.7,53.7,23.8,117.0,84.0,128.0,0.6937513114686162,0,0,0,1,0,0,0,0,0,0,0
2021-05-16,116,0.0,0.385,0.526,0.09,28.81428571428572,6.971428571428571,13.599999999999998,33.6,38.9,24.7,22,28.11428571428572,28.857142857142858,6.328571428571428,11.1,6.228571428571429,34.2,40.7,42.6,24.0,92.0,117.0,84.0,0.6937206620515899,0,0,0,1,0,0,0,0,0,0,0
2021-05-23,129,0.0,0.385,0.526,0.09,28.085714285714285,6.085714285714286,12.028571428571428,32.6,35.2,22.9,23,27.014285714285712,29.17142857142857,8.171428571428573,6.328571428571428,9.414285714285716,33.3,37.0,44.4,24.2,116.0,92.0,117.0,0.6936347239494121,0,0,0,1,0,0,0,0,0,0,0
2021-05-30,118,0.0,0.385,0.526,0.09,29.342857142857145,8.77142857142857,5.142857142857143,33.5,40.7,24.7,28,27.914285714285715,28.11428571428572,6.185714285714285,7.8,11.428571428571429,33.5,42.6,40.7,23.7,129.0,116.0,92.0,0.6934751994327103,0,0,0,1,0,0,0,0,0,0,0
2021-06-06,137,0.0,0.264,0.611,0.125,29.52857142857143,8.528571428571428,0.3142857142857142,33.7,46.3,26.6,23,27.357142857142858,28.585714285714285,6.185714285714285,8.6,7.685714285714285,33.5,37.0,48.2,23.7,118.0,129.0,116.0,0.7205401809801705,0,0,0,0,1,0,0,0,0,0,0
2021-06-13,135,0.0,0.264,0.611,0.125,28.75714285714286,7.871428571428572,3.314285714285714,32.9,46.3,23.6,27,26.61428571428572,27.642857142857142,7.742857142857143,7.428571428571429,7.6,34.7,40.7,51.9,24.6,137.0,118.0,129.0,0.7203376802221163,0,0,0,0,1,0,0,0,0,0,0
2021-06-20,126,0.0,0.264,0.611,0.125,27.985714285714288,6.042857142857143,3.885714285714286,33.0,42.6,23.4,22,27.357142857142858,27.885714285714283,6.028571428571429,11.985714285714286,9.171428571428573,33.3,40.7,40.7,24.5,135.0,137.0,118.0,0.7201252185330115,0,0,0,0,1,0,0,0,0,0,0
2021-06-27,112,0.0,0.264,0.611,0.125,28.12857142857143,5.714285714285714,3.6,33.6,33.3,24.0,24,27.185714285714287,28.842857142857145,6.971428571428571,11.157142857142857,8.9,32.7,35.2,57.4,24.9,126.0,135.0,137.0,0.719913592665888,0,0,0,0,1,0,0,0,0,0,0
2021-07-04,104,0.012,0.193,0.723,0.072,28.12857142857143,6.828571428571428,6.6000000000000005,33.0,51.9,23.5,21,26.457142857142856,27.65714285714285,6.085714285714286,11.357142857142858,10.314285714285717,33.1,48.2,46.3,23.7,112.0,126.0,135.0,0.7268231501613274,0,0,0,0,0,1,0,0,0,0,0
2021-07-11,75,0.012,0.193,0.723,0.072,28.057142857142857,7.128571428571428,4.942857142857143,32.5,51.9,23.4,25,27.485714285714288,27.74285714285714,8.77142857142857,12.94285714285714,8.371428571428572,33.4,37.0,55.6,23.9,104.0,112.0,126.0,0.7265182214375028,0,0,0,0,0,1,0,0,0,0,0
2021-07-18,80,0.012,0.193,0.723,0.072,27.928571428571427,9.271428571428572,16.942857142857143,32.8,37.0,23.2,25,25.97142857142857,28.071428571428573,8.528571428571428,13.44285714285714,8.357142857142858,33.5,42.6,44.4,24.1,75.0,104.0,112.0,0.7263564110950919,0,0,0,0,0,1,0,0,0,0,0
2021-07-25,82,0.012,0.193,0.723,0.072,29.385714285714283,9.714285714285714,0.3428571428571429,33.2,46.3,25.9,17,25.31428571428572,27.942857142857143,7.871428571428572,15.685714285714283,9.2,33.6,31.5,42.6,22.5,80.0,75.0,104.0,0.726173957693123,0,0,0,0,0,1,0,0,0,0,0
2021-08-01,70,0.0,0.294,0.676,0.029,29.27142857142857,9.957142857142856,4.285714285714286,33.4,44.4,23.1,19,26.214285714285715,29.11428571428572,6.042857142857143,10.857142857142858,8.014285714285714,32.6,35.2,42.6,23.0,82.0,80.0,75.0,0.6998057060967164,0,0,0,0,0,0,1,0,0,0,0
2021-08-08,79,0.0,0.294,0.676,0.029,28.27142857142857,8.528571428571428,1.5714285714285714,32.9,50.0,23.2,20,26.414285714285715,28.185714285714287,5.714285714285714,12.457142857142856,7.985714285714286,33.5,38.9,44.4,24.0,70.0,82.0,80.0,0.699691040088882,0,0,0,0,0,0,1,0,0,0,0
2021-08-15,56,0.0,0.294,0.676,0.029,28.37142857142857,8.085714285714285,4.057142857142857,32.6,57.4,23.6,19,26.885714285714283,27.67142857142857,6.828571428571428,10.885714285714286,8.942857142857143,33.7,35.2,35.2,22.8,79.0,70.0,82.0,0.6994845346304677,0,0,0,0,0,0,1,0,0,0,0
2021-08-22,53,0.0,0.294,0.676,0.029,26.857142857142858,6.700000000000001,17.885714285714286,32.3,55.6,21.9,19,27.071428571428573,27.928571428571427,7.128571428571428,9.4,7.185714285714285,32.9,38.9,40.7,22.7,56.0,79.0,70.0,0.6993683094764883,0,0,0,0,0,0,1,0,0,0,0
2021-08-29,46,0.0,0.294,0.676,0.029,27.142857142857142,8.671428571428573,7.142857142857143,31.8,51.9,23.7,23,27.514285714285712,27.585714285714285,9.271428571428572,8.3,7.571428571428571,33.0,35.2,38.9,21.9,53.0,56.0,79.0,0.6992462342922714,0,0,0,0,0,0,1,0,0,0,0
2021-09-05,60,0.0,0.056,0.921,0.024,27.442857142857143,8.428571428571429,18.228571428571428,32.3,42.6,22.9,20,27.0,27.4,9.714285714285714,6.328571428571428,7.214285714285714,33.6,40.7,38.9,23.6,46.0,53.0,56.0,0.7445251905068909,0,0,0,0,0,0,0,1,0,0,0
2021-09-12,74,0.0,0.056,0.921,0.024,28.357142857142858,7.771428571428571,6.628571428571428,32.9,50.0,22.5,21,27.5,27.75714285714286,9.957142857142856,8.171428571428573,8.914285714285715,33.0,46.3,29.6,24.4,60.0,46.0,53.0,0.7442714432511798,0,0,0,0,0,0,0,1,0,0,0
2021-09-19,109,0.0,0.056,0.921,0.024,28.47142857142857,9.814285714285717,0.5428571428571428,32.8,44.4,25.4,17,28.24285714285714,27.457142857142856,8.528571428571428,6.185714285714285,6.7,32.5,46.3,37.0,23.2,74.0,60.0,46.0,0.7439936616849306,0,0,0,0,0,0,0,1,0,0,0
2021-09-26,105,0.0,0.056,0.921,0.024,28.957142857142856,8.328571428571427,4.628571428571428,33.3,44.4,23.5,21,27.857142857142858,27.842857142857145,8.085714285714285,6.185714285714285,6.514285714285714,32.8,42.6,42.6,24.6,109.0,74.0,60.0,0.7434728288393154,0,0,0,0,0,0,0,1,0,0,0
2021-10-03,104,0.008,0.053,0.939,0.0,27.31428571428572,6.042857142857143,16.257142857142856,33.0,44.4,23.4,22,28.12857142857143,28.2,6.700000000000001,7.742857142857143,6.042857142857143,33.2,33.3,31.5,22.2,105.0,109.0,74.0,0.7399215011751308,0,0,0,0,0,0,0,0,1,0,0
2021-10-10,85,0.008,0.053,0.939,0.0,29.2,8.571428571428571,5.057142857142857,33.8,40.7,23.2,21,27.47142857142857,28.81428571428572,8.671428571428573,6.028571428571429,8.385714285714286,33.4,51.9,31.5,24.5,104.0,105.0,109.0,0.7393639949239411,0,0,0,0,0,0,0,0,1,0,0
2021-10-17,76,0.008,0.053,0.939,0.0,29.428571428571427,8.142857142857142,1.0285714285714287,33.2,38.9,25.6,22,28.214285714285715,28.25714285714286,8.428571428571429,6.971428571428571,6.614285714285714,32.9,51.9,44.4,23.3,85.0,104.0,105.0,0.7389230847515404,0,0,0,0,0,0,0,0,1,0,0
2021-10-24,75,0.008,0.053,0.939,0.0,27.52857142857143,6.242857142857143,6.628571428571428,33.3,40.7,23.5,16,28.47142857142857,28.11428571428572,7.771428571428571,6.085714285714286,6.1000000000000005,32.6,37.0,37.0,24.4,76.0,85.0,104.0,0.7385480482346003,0,0,0,0,0,0,0,0,1,0,0
2021-10-31,59,0.008,0.053,0.939,0.0,28.25714285714286,6.814285714285714,4.0,33.1,38.9,24.7,18,27.728571428571428,27.014285714285712,9.814285714285717,8.77142857142857,11.771428571428572,32.3,46.3,42.6,23.8,75.0,76.0,85.0,0.7381477032729844,0,0,0,0,0,0,0,0,1,0,0
2021-11-07,42,0.0,0.102,0.898,0.0,26.985714285714288,5.114285714285715,15.485714285714286,32.7,35.2,24.1,17,28.285714285714285,27.914285714285715,8.328571428571427,8.528571428571428,11.1,31.8,44.4,48.2,23.7,59.0,75.0,76.0,0.7285066036680589,0,0,0,0,0,0,0,0,0,1,0
2021-11-14,56,0.0,0.102,0.898,0.0,27.4,6.057142857142857,6.485714285714286,33.4,38.9,23.6,17,28.557142857142857,27.357142857142858,6.042857142857143,7.871428571428572,6.328571428571428,32.3,50.0,40.7,24.3,42.0,59.0,75.0,0.7283535682776756,0,0,0,0,0,0,0,0,0,1,0
2021-11-21,63,0.0,0.102,0.898,0.0,27.74285714285714,5.757142857142857,9.771428571428572,33.2,44.4,23.4,22,28.428571428571427,26.61428571428572,8.571428571428571,6.042857142857143,7.8,32.9,57.4,40.7,23.0,56.0,42.0,59.0,0.7281288325971244,0,0,0,0,0,0,0,0,0,1,0
2021-11-28,48,0.0,0.102,0.898,0.0,27.585714285714285,5.457142857142857,12.885714285714286,33.0,44.4,22.8,14,28.81428571428572,27.357142857142858,8.142857142857142,5.714285714285714,8.6,32.8,55.6,37.0,23.0,63.0,56.0,42.0,0.7278223071842673,0,0,0,0,0,0,0,0,0,1,0
2021-12-05,64,0.0,0.094,0.896,0.01,28.214285714285715,7.514285714285713,2.0857142857142854,33.9,40.7,22.9,16,28.085714285714285,27.185714285714287,6.242857142857143,6.828571428571428,7.428571428571429,33.3,51.9,42.6,23.9,48.0,63.0,56.0,0.7304916376055545,0,0,0,0,0,0,0,0,0,0,1
2021-12-12,61,0.0,0.094,0.896,0.01,27.6,9.585714285714284,2.085714285714286,32.0,44.4,25.1,18,29.342857142857145,26.457142857142856,6.814285714285714,7.128571428571428,11.985714285714286,33.0,42.6,37.0,21.7,64.0,48.0,63.0,0.730213408564855,0,0,0,0,0,0,0,0,0,0,1
2021-12-19,68,0.0,0.094,0.896,0.01,27.728571428571428,7.514285714285714,10.314285714285717,33.3,44.4,23.9,13,29.52857142857143,27.485714285714288,5.114285714285715,9.271428571428572,11.157142857142857,33.8,50.0,40.7,22.9,61.0,64.0,48.0,0.7299645340286444,0,0,0,0,0,0,0,0,0,0,1
2021-12-26,76,0.0,0.094,0.896,0.01,27.785714285714285,8.485714285714286,1.5142857142857145,32.4,35.2,24.9,15,28.75714285714286,25.97142857142857,6.057142857142857,9.714285714285714,11.357142857142858,33.2,44.4,40.7,23.3,68.0,61.0,64.0,0.7296905578320374,0,0,0,0,0,0,0,0,0,0,1
2022-01-02,106,0.009,0.393,0.598,0.0,26.914285714285715,7.985714285714286,11.828571428571427,32.5,35.2,23.2,18,27.985714285714288,25.31428571428572,5.757142857142857,9.957142857142856,12.94285714285714,33.3,44.4,35.2,23.0,76.0,68.0,61.0,0.6756389849346346,0,0,0,0,0,0,0,0,0,0,0
2022-01-09,146,0.009,0.393,0.598,0.0,27.428571428571427,8.814285714285715,1.6857142857142855,32.3,38.9,23.5,18,28.12857142857143,26.214285714285715,5.457142857142857,8.528571428571428,13.44285714285714,33.1,44.4,48.2,23.1,106.0,76.0,68.0,0.6755851585409713,0,0,0,0,0,0,0,0,0,0,0
2022-01-16,178,0.009,0.393,0.598,0.0,27.557142857142857,11.842857142857143,0.0,31.9,38.9,24.2,20,28.12857142857143,26.414285714285715,7.514285714285713,8.085714285714285,15.685714285714283,32.7,40.7,37.0,23.7,146.0,106.0,76.0,0.6754538537009093,0,0,0,0,0,0,0,0,0,0,0
2022-01-23,169,0.009,0.393,0.598,0.0,27.514285714285712,10.94285714285714,1.2857142857142858,32.6,42.6,24.1,22,28.057142857142857,26.885714285714283,9.585714285714284,6.700000000000001,10.857142857142858,33.4,38.9,42.6,24.7,178.0,146.0,106.0,0.6751704785858044,0,0,0,0,0,0,0,0,0,0,0
2022-01-30,153,0.009,0.393,0.598,0.0,27.87142857142857,9.885714285714286,0.5428571428571428,33.1,35.2,24.7,21,27.928571428571427,27.071428571428573,7.514285714285714,8.671428571428573,12.457142857142856,33.2,40.7,31.5,24.1,169.0,178.0,146.0,0.67488283432672,0,0,0,0,0,0,0,0,0,0,0
2022-02-06,168,0.004,0.357,0.626,0.013,28.057142857142857,11.314285714285717,3.085714285714286,33.6,46.3,24.2,25,29.385714285714283,27.514285714285712,8.485714285714286,8.428571428571429,10.885714285714286,33.0,38.9,35.2,24.0,153.0,169.0,178.0,0.6825530203471288,1,0,0,0,0,0,0,0,0,0,0
2022-02-13,206,0.004,0.357,0.626,0.013,26.342857142857145,7.2,10.857142857142858,32.2,31.5,23.3,20,29.27142857142857,27.0,7.985714285714286,7.771428571428571,9.4,33.9,35.2,38.9,23.0,168.0,153.0,169.0,0.6823825594752487,1,0,0,0,0,0,0,0,0,0,0
2022-02-20,200,0.004,0.357,0.626,0.013,27.62857142857143,8.985714285714286,4.971428571428571,32.9,35.2,22.6,20,28.27142857142857,27.5,8.814285714285715,9.814285714285717,8.3,32.0,38.9,35.2,23.7,206.0,168.0,153.0,0.6820412355381282,1,0,0,0,0,0,0,0,0,0,0
2022-02-27,263,0.004,0.357,0.626,0.013,27.17142857142857,9.214285714285714,6.085714285714286,32.6,35.2,23.2,25,28.37142857142857,28.24285714285714,11.842857142857143,8.328571428571427,6.328571428571428,33.3,44.4,38.9,24.0,200.0,206.0,168.0,0.6818851818934711,1,0,0,0,0,0,0,0,0,0,0
2022-03-06,369,0.004,0.134,0.862,0.0,27.61428571428572,8.442857142857143,3.4285714285714284,33.7,37.0,23.4,24,26.857142857142858,27.857142857142858,10.94285714285714,6.042857142857143,8.171428571428573,32.4,44.4,35.2,24.1,263.0,200.0,206.0,0.7177992480323867,0,1,0,0,0,0,0,0,0,0,0
2022-03-13,421,0.004,0.134,0.862,0.0,28.11428571428572,9.542857142857144,0.9142857142857144,33.8,40.7,24.7,30,27.142857142857142,28.12857142857143,9.885714285714286,8.571428571428571,6.185714285714285,32.5,40.7,40.7,23.3,369.0,263.0,200.0,0.7165449419907962,0,1,0,0,0,0,0,0,0,0,0
2022-03-20,441,0.004,0.134,0.862,0.0,28.0,7.357142857142857,5.8,33.5,38.9,23.8,30,27.442857142857143,27.47142857142857,11.314285714285717,8.142857142857142,6.185714285714285,32.3,44.4,46.3,24.5,421.0,369.0,263.0,0.7150359511072599,0,1,0,0,0,0,0,0,0,0,0
2022-03-27,510,0.004,0.134,0.862,0.0,28.5,7.557142857142857,7.714285714285714,34.2,37.0,23.0,30,28.357142857142858,28.214285714285715,7.2,6.242857142857143,7.742857142857143,31.9,44.4,46.3,23.1,441.0,421.0,369.0,0.7135734302622119,0,1,0,0,0,0,0,0,0,0,0
2022-04-03,642,0.001,0.1,0.893,0.006,28.17142857142857,6.171428571428572,7.114285714285715,34.0,48.2,24.0,29,28.47142857142857,28.47142857142857,8.985714285714286,6.814285714285714,6.028571428571429,32.6,35.2,42.6,23.5,510.0,441.0,421.0,0.7180186287958317,0,0,1,0,0,0,0,0,0,0,0
2022-04-10,733,0.001,0.1,0.893,0.006,27.342857142857145,6.071428571428571,3.057142857142857,33.3,40.7,23.5,40,28.957142857142856,27.728571428571428,9.214285714285714,5.114285714285715,6.971428571428571,33.1,35.2,33.3,25.1,642.0,510.0,441.0,0.7156483303986985,0,0,1,0,0,0,0,0,0,0,0
2022-04-17,942,0.001,0.1,0.893,0.006,28.4,6.057142857142857,15.028571428571428,33.1,57.4,23.6,49,27.31428571428572,28.285714285714285,8.442857142857143,6.057142857142857,6.085714285714286,33.6,38.9,51.9,24.3,733.0,642.0,510.0,0.7131969733269324,0,0,1,0,0,0,0,0,0,0,0
2022-04-24,1002,0.001,0.1,0.893,0.006,28.37142857142857,6.857142857142857,7.485714285714286,33.5,40.7,23.1,60,29.2,28.557142857142857,9.542857142857144,5.757142857142857,8.77142857142857,32.2,38.9,51.9,24.7,942.0,733.0,642.0,0.7096488077569995,0,0,1,0,0,0,0,0,0,0,0
2022-05-01,845,0.002,0.127,0.865,0.006,28.442857142857143,5.771428571428571,7.0,33.3,29.6,24.9,51,29.428571428571427,28.428571428571427,7.357142857142857,5.457142857142857,8.528571428571428,32.9,42.6,37.0,22.9,1002.0,942.0,733.0,0.7020654868473266,0,0,0,1,0,0,0,0,0,0,0
2022-05-08,1311,0.002,0.127,0.865,0.006,28.7,8.185714285714285,1.6,33.3,44.4,24.7,55,27.52857142857143,28.81428571428572,7.557142857142857,7.514285714285713,7.871428571428572,32.6,35.2,46.3,24.7,845.0,1002.0,942.0,0.70018080696943,0,0,0,1,0,0,0,0,0,0,0
2022-05-15,1273,0.002,0.127,0.865,0.006,29.485714285714288,9.242857142857144,1.6285714285714286,34.8,38.9,25.0,71,28.25714285714286,28.085714285714285,6.171428571428572,9.585714285714284,6.042857142857143,33.7,46.3,44.4,26.6,1311.0,845.0,1002.0,0.6956445007403824,0,0,0,1,0,0,0,0,0,0,0
2022-05-22,1563,0.002,0.127,0.865,0.006,28.942857142857143,7.057142857142857,4.257142857142857,33.5,51.9,23.5,60,26.985714285714288,29.342857142857145,6.071428571428571,7.514285714285714,5.714285714285714,33.8,31.5,50.0,23.6,1273.0,1311.0,845.0,0.692049346319454,0,0,0,1,0,0,0,0,0,0,0
2022-05-29,1451,0.002,0.127,0.865,0.006,29.31428571428572,6.885714285714286,7.085714285714286,35.4,33.3,23.8,61,27.4,29.52857142857143,6.057142857142857,8.485714285714286,6.828571428571428,33.5,35.2,57.4,23.4,1563.0,1273.0,1311.0,0.6866979411631314,0,0,0,1,0,0,0,0,0,0,0
2022-06-05,1459,0.005,0.122,0.856,0.018,28.81428571428572,6.728571428571429,10.485714285714286,34.5,42.6,23.6,65,27.74285714285714,28.75714285714286,6.857142857142857,7.985714285714286,7.128571428571428,34.2,35.2,55.6,24.0,1451.0,1563.0,1273.0,0.6861934919239603,0,0,0,0,1,0,0,0,0,0,0
2022-06-12,1253,0.005,0.122,0.856,0.018,27.81428571428572,5.671428571428572,10.771428571428572,33.6,38.9,22.9,63,27.585714285714285,27.985714285714288,5.771428571428571,8.814285714285715,9.271428571428572,34.0,37.0,51.9,23.5,1459.0,1451.0,1563.0,0.6813023431256341,0,0,0,0,1,0,0,0,0,0,0
2022-06-19,1171,0.005,0.122,0.856,0.018,27.9,5.742857142857143,1.1142857142857143,31.9,37.0,23.9,62,28.214285714285715,28.12857142857143,8.185714285714285,11.842857142857143,9.714285714285714,33.3,40.7,42.6,23.4,1253.0,1459.0,1451.0,0.6773816160795856,0,0,0,0,1,0,0,0,0,0,0
2022-06-26,1186,0.005,0.122,0.856,0.018,27.542857142857144,6.685714285714285,6.314285714285715,31.9,35.2,23.5,64,27.6,28.12857142857143,9.242857142857144,10.94285714285714,9.957142857142856,33.1,38.9,50.0,23.2,1171.0,1253.0,1459.0,0.6739864821280773,0,0,0,0,1,0,0,0,0,0,0
2022-07-03,1164,0.01,0.102,0.848,0.04,28.62857142857143,7.742857142857143,2.1142857142857143,32.4,44.4,23.9,62,27.728571428571428,28.057142857142857,7.057142857142857,9.885714285714286,8.528571428571428,33.5,37.0,44.4,25.9,1186.0,1171.0,1253.0,0.6770246255023316,0,0,0,0,0,1,0,0,0,0,0
2022-07-10,918,0.01,0.102,0.848,0.04,28.542857142857144,7.171428571428572,3.6571428571428575,32.5,42.6,24.4,51,27.785714285714285,27.928571428571427,6.885714285714286,11.314285714285717,8.085714285714285,33.3,48.2,44.4,23.1,1164.0,1186.0,1171.0,0.6732497052637634,0,0,0,0,0,1,0,0,0,0,0
2022-07-17,1035,0.01,0.102,0.848,0.04,29.071428571428573,9.357142857142858,4.057142857142858,32.9,38.9,23.6,51,26.914285714285715,29.385714285714283,6.728571428571429,7.2,6.700000000000001,33.3,40.7,44.4,23.2,918.0,1164.0,1186.0,0.6710009897840462,0,0,0,0,0,1,0,0,0,0,0
2022-07-24,1092,0.01,0.102,0.848,0.04,28.442857142857143,8.557142857142857,6.028571428571429,32.9,42.6,22.2,51,27.428571428571427,29.27142857142857,5.671428571428572,8.985714285714286,8.671428571428573,34.8,57.4,40.7,23.6,1035.0,918.0,1164.0,0.6683318916234009,0,0,0,0,0,1,0,0,0,0,0
2022-07-31,894,0.01,0.102,0.848,0.04,28.17142857142857,9.785714285714286,6.457142857142857,32.4,48.2,23.9,51,27.557142857142857,28.27142857142857,5.742857142857143,9.214285714285714,8.428571428571429,33.5,40.7,38.9,21.9,1092.0,1035.0,918.0,0.6649844505046412,0,0,0,0,0,1,0,0,0,0,0
2022-08-07,879,0.024,0.114,0.835,0.027,27.842857142857145,7.3428571428571425,2.457142857142857,32.2,33.3,24.2,44,27.514285714285712,28.37142857142857,6.685714285714285,8.442857142857143,7.771428571428571,35.4,29.6,40.7,23.7,894.0,1092.0,1035.0,0.6615219125234608,0,0,0,0,0,0,1,0,0,0,0
2022-08-14,679,0.024,0.114,0.835,0.027,29.25714285714286,11.042857142857144,4.628571428571428,33.2,44.4,24.0,40,27.87142857142857,26.857142857142858,7.742857142857143,9.542857142857144,9.814285714285717,34.5,44.4,38.9,22.9,879.0,894.0,1092.0,0.6589106243648661,0,0,0,0,0,0,1,0,0,0,0
2022-08-21,661,0.024,0.114,0.835,0.027,28.385714285714283,9.314285714285717,4.2,32.6,53.7,24.0,35,28.057142857142857,27.142857142857142,7.171428571428572,7.357142857142857,8.328571428571427,33.6,38.9,35.2,22.5,679.0,879.0,894.0,0.6572174865934949,0,0,0,0,0,0,1,0,0,0,0
2022-08-28,577,0.024,0.114,0.835,0.027,27.357142857142858,7.542857142857143,7.8,31.9,38.9,23.7,47,26.342857142857145,27.442857142857143,9.357142857142858,7.557142857142857,6.042857142857143,31.9,51.9,38.9,25.4,661.0,679.0,879.0,0.6554330523276545,0,0,0,0,0,0,1,0,0,0,0
2022-09-04,569,0.043,0.145,0.782,0.031,27.828571428571426,6.671428571428571,1.5428571428571427,32.5,35.2,24.7,39,27.62857142857143,28.357142857142858,8.557142857142857,6.171428571428572,8.571428571428571,31.9,33.3,44.4,23.5,577.0,661.0,679.0,0.6587411756277652,0,0,0,0,0,0,0,1,0,0,0
2022-09-11,545,0.043,0.145,0.782,0.031,27.885714285714283,7.685714285714285,1.342857142857143,32.4,42.6,24.8,40,27.17142857142857,28.47142857142857,9.785714285714286,6.071428571428571,8.142857142857142,32.4,42.6,44.4,23.4,569.0,577.0,661.0,0.6576031880504704,0,0,0,0,0,0,0,1,0,0,0
2022-09-18,472,0.043,0.145,0.782,0.031,27.67142857142857,8.171428571428573,3.9142857142857146,31.9,51.9,23.5,35,27.61428571428572,28.957142857142856,7.3428571428571425,6.057142857142857,6.242857142857143,32.5,38.9,40.7,23.2,545.0,569.0,577.0,0.6564107790930697,0,0,0,0,0,0,0,1,0,0,0
2022-09-25,426,0.043,0.145,0.782,0.031,27.77142857142857,6.785714285714286,7.285714285714286,32.0,42.6,22.7,33,28.11428571428572,27.31428571428572,11.042857142857144,6.857142857142857,6.814285714285714,32.9,37.0,44.4,25.6,472.0,545.0,569.0,0.6554224365069081,0,0,0,0,0,0,0,1,0,0,0
2022-10-02,398,0.065,0.177,0.727,0.031,28.17142857142857,6.914285714285714,8.342857142857143,32.9,42.4,22.4,37,28.0,29.2,9.314285714285717,5.771428571428571,5.114285714285715,32.9,35.2,44.4,23.5,426.0,472.0,545.0,0.6578800365385754,0,0,0,0,0,0,0,0,1,0,0
2022-10-09,376,0.065,0.177,0.727,0.031,26.928571428571427,5.314285714285715,6.0,32.5,38.9,23.8,38,28.5,29.428571428571427,7.542857142857143,8.185714285714285,6.057142857142857,32.4,44.4,35.2,24.7,398.0,426.0,472.0,0.6572633043282793,0,0,0,0,0,0,0,0,1,0,0
2022-10-16,373,0.065,0.177,0.727,0.031,27.842857142857145,6.514285714285714,6.2,33.4,40.4,23.5,35,28.17142857142857,27.52857142857143,6.671428571428571,9.242857142857144,5.757142857142857,32.2,42.6,35.2,24.1,376.0,398.0,426.0,0.6567217921151511,0,0,0,0,0,0,0,0,1,0,0
2022-10-23,313,0.065,0.177,0.727,0.031,27.81428571428572,6.057142857142857,8.77142857142857,33.0,31.7,23.1,34,27.342857142857145,28.25714285714286,7.685714285714285,7.057142857142857,5.457142857142857,33.2,38.9,38.9,23.6,373.0,376.0,398.0,0.6560612479768518,0,0,0,0,0,0,0,0,1,0,0
2022-10-30,318,0.065,0.177,0.727,0.031,27.61428571428572,7.247846470238501,12.257142857142856,34.6,37.8,23.1,29,28.4,26.985714285714288,8.171428571428573,6.885714285714286,7.514285714285713,32.6,42.6,38.9,23.4,313.0,373.0,376.0,0.6556285610998527,0,0,0,0,0,0,0,0,1,0,0
2022-11-06,294,0.068,0.113,0.788,0.031,27.27142857142857,6.942857142857143,9.085714285714284,32.8,51.9,22.4,26,28.37142857142857,27.4,6.785714285714286,6.728571428571429,9.585714285714284,31.9,48.2,42.6,22.8,318.0,313.0,373.0,0.6563347427212742,0,0,0,0,0,0,0,0,0,1,0
2022-11-13,313,0.068,0.113,0.788,0.031,26.557142857142857,6.6000000000000005,18.97142857142857,31.9,40.7,23.1,28,28.442857142857143,27.74285714285714,6.914285714285714,5.671428571428572,7.514285714285714,32.5,33.3,35.2,22.9,294.0,318.0,313.0,0.6558217077615145,0,0,0,0,0,0,0,0,0,1,0
2022-11-20,267,0.068,0.113,0.788,0.031,27.571428571428573,6.771428571428571,6.114285714285714,33.3,40.7,23.5,29,28.7,27.585714285714285,5.314285714285715,5.742857142857143,8.485714285714286,32.4,44.4,46.3,25.1,313.0,294.0,318.0,0.6551328218629839,0,0,0,0,0,0,0,0,0,1,0
2022-11-27,242,0.068,0.113,0.788,0.031,28.085714285714285,7.028571428571429,5.485714285714286,33.9,46.3,23.2,22,29.485714285714288,28.214285714285715,6.514285714285714,6.685714285714285,7.985714285714286,31.9,53.7,31.5,23.9,267.0,313.0,294.0,0.6545816874041911,0,0,0,0,0,0,0,0,0,1,0
2022-12-04,326,0.214,0.108,0.623,0.055,27.057142857142857,6.9,13.828571428571427,32.9,35.2,22.8,27,28.942857142857143,27.6,6.057142857142857,7.742857142857143,8.814285714285715,32.0,38.9,35.2,24.9,242.0,267.0,313.0,0.6915092578332146,0,0,0,0,0,0,0,0,0,0,1
2022-12-11,289,0.214,0.108,0.623,0.055,26.8,6.357142857142857,9.37142857142857,32.7,35.2,23.9,30,29.31428571428572,27.728571428571428,7.247846470238501,7.171428571428572,11.842857142857143,32.9,35.2,35.2,23.2,326.0,242.0,267.0,0.6911486814719268,0,0,0,0,0,0,0,0,0,0,1
2022-12-18,272,0.214,0.108,0.623,0.055,26.414285714285715,8.628571428571428,11.685714285714283,32.2,42.6,23.9,24,28.81428571428572,27.785714285714285,6.942857142857143,9.357142857142858,10.94285714285714,32.5,42.6,37.0,23.5,289.0,326.0,242.0,0.6908608647942612,0,0,0,0,0,0,0,0,0,0,1
2022-12-25,285,0.214,0.108,0.623,0.055,26.685714285714287,10.214285714285714,1.4571428571428573,31.7,40.7,23.4,28,27.81428571428572,26.914285714285715,6.6000000000000005,8.557142857142857,9.885714285714286,33.4,51.9,40.7,24.2,272.0,289.0,326.0,0.6906496082209108,0,0,0,0,0,0,0,0,0,0,1
2023-01-01,279,0.214,0.108,0.623,0.055,27.1,11.457142857142856,2.2857142857142856,31.3,42.6,23.1,27,27.9,27.428571428571427,6.771428571428571,9.785714285714286,11.314285714285717,33.0,42.6,38.9,24.1,285.0,272.0,289.0,0.6903864527830732,0,0,0,0,0,0,0,0,0,0,0
2023-01-08,278,0.214,0.108,0.623,0.055,27.414285714285715,8.685714285714285,1.8,34.2,38.9,23.9,28,27.542857142857144,27.557142857142857,7.028571428571429,7.3428571428571425,7.2,34.6,42.4,37.0,24.7,279.0,285.0,272.0,0.6901402759430814,0,0,0,0,0,0,0,0,0,0,0
2023-01-15,273,0.214,0.108,0.623,0.055,27.142857142857142,7.642857142857143,2.2,32.5,46.3,24.2,26,28.62857142857143,27.514285714285712,6.9,11.042857142857144,8.985714285714286,32.8,38.9,48.2,24.2,278.0,279.0,285.0,0.6898904870617145,0,0,0,0,0,0,0,0,0,0,0
2023-01-22,186,0.214,0.108,0.623,0.055,27.0,10.642857142857142,7.714285714285714,32.1,44.4,24.2,19,28.542857142857144,27.87142857142857,6.357142857142857,9.314285714285717,9.214285714285714,31.9,40.4,40.7,23.3,273.0,278.0,279.0,0.6894863263037189,0,0,0,0,0,0,0,0,0,0,0
2023-01-29,223,0.214,0.108,0.623,0.055,24.842857142857145,8.828571428571427,28.4,31.3,44.4,22.4,25,29.071428571428573,28.057142857142857,8.628571428571428,7.542857142857143,8.442857142857143,33.3,31.7,57.4,22.6,186.0,273.0,278.0,0.6893970240503609,0,0,0,0,0,0,0,0,0,0,0
2023-02-05,219,0.214,0.108,0.623,0.055,26.057142857142857,9.785714285714286,8.17142857142857,31.6,48.2,23.6,25,28.442857142857143,26.342857142857145,10.214285714285714,6.671428571428571,9.542857142857144,33.9,37.8,40.7,23.2,223.0,186.0,273.0,0.6891967510945407,1,0,0,0,0,0,0,0,0,0,0
2023-02-12,148,0.214,0.108,0.623,0.055,27.085714285714285,10.428571428571429,7.828571428571429,31.9,40.7,22.8,23,28.17142857142857,27.62857142857143,11.457142857142856,7.685714285714285,7.357142857142857,32.9,51.9,29.6,23.4,219.0,223.0,186.0,0.6888723662196965,1,0,0,0,0,0,0,0,0,0,0
2023-02-19,138,0.214,0.108,0.623,0.055,27.02857142857143,12.05714285714286,9.142857142857142,32.0,42.6,21.7,26,27.842857142857145,27.17142857142857,8.685714285714285,8.171428571428573,7.557142857142857,32.7,40.7,44.4,24.7,148.0,219.0,223.0,0.6887266506298414,1,0,0,0,0,0,0,0,0,0,0
2023-02-26,111,0.214,0.108,0.623,0.055,27.47142857142857,14.642857142857142,1.9714285714285715,31.5,48.2,24.1,18,29.25714285714286,27.61428571428572,7.642857142857143,6.785714285714286,6.171428571428572,32.2,40.7,38.9,23.8,138.0,148.0,219.0,0.6885554541113229,1,0,0,0,0,0,0,0,0,0,0
2023-03-05,119,0.214,0.108,0.623,0.055,25.8,11.2,78.2,30.6,50.0,22.0,24,28.385714285714283,28.11428571428572,10.642857142857142,6.914285714285714,6.071428571428571,31.7,46.3,51.9,23.0,111.0,138.0,148.0,0.688476550316114,0,1,0,0,0,0,0,0,0,0,0
